District IRN,District Name,Building IRN,Building Name,County,Region,Address,"City, State, Zip",Phone,Principal,,Letter Grade of Achievement Component,Letter Grade of Percent Standards,Gifted Indicator Met/Not Met Status,Percent of Standards Met,Letter Grade of Performance Index,Performance Index Percent,Letter Grade of AMO,AMO Points,Letter Grade of K3 Literacy,K3 Literacy Percent,Letter Grade of Progress Component,Letter Grade of Overall Value Added,Overall Value Added Gain Index,Letter Grade of Gifted Value Added,Gifted Value Added Gain Index,Letter Grade of Students with Disabilities Value Added,Students with Disabilities Value Added Gain Index,Letter Grade of Lowest 20% Value Added,Lowest 20% Value Added Gain Index,Letter Grade of High Mobility Value Added,High Mobility Value Added Gain Index,Letter Grade of Grad Rate Component,Letter Grade of 4Year Grad Rate 2015,4 Year Grad Rate 2015,Letter Grade of 5 Year Grad Rate 2014,5 Year Grad Rate 2014,Letter Grade of Prepared for Success Component,Percent of Prepared for Success Component,Attendance Rate 2015-2016,Attendance Rate 2014-2015,Attendance Rate 2013-2014,Chronic Absenteeism Percent 2015-2016,Watermark
138,Pathway School of Discovery,138,Pathway School of Discovery,Montgomery,Region 10,173 Avondale Dr,"Dayton, OH, 45404-2123",(937) 235-5498,Keith B. Colbert,766,D,F,NC,5.9,D,62.2,F,0,F,-34.8,C,C,0.9,NR,NC,C,-0.1,C,-0.2,NR,NC,NR,NR,NC,NR,NC,NR,NC,94.8,95.1,95,13.2,NA
139,Alliance Academy of Cincinnati,139,Alliance Academy of Cincinnati,Hamilton,Region 13,1712 Duck Creek Rd,"Cincinnati, OH, 45207-1644",(513) 751-5555,Elizabeth L. King,459,F,F,NC,0,F,47.3,F,0,F,11.1,D,F,-6.5,NR,NC,D,-1.6,F,-4,NR,NC,NR,NR,NC,NR,NC,NR,NC,92.9,94,94,25.3,NA
222,Wildwood Environmental Academy,222,Wildwood Environmental Academy,Lucas,Region 1,1546 Dartford Rd,"Maumee, OH, 43537-1374",(419) 868-9885,Elizabeth A. Lewin,323,D,F,NC,13,D,61.7,F,0,D,40,B,A,4.9,NR,NC,C,0.8,A,3.6,NR,NC,NR,NR,NC,NR,NC,F,6.3,93.7,94.6,94,20.1,NA
236,"Ohio Connections Academy, Inc",236,"Ohio Connections Academy, Inc",Cuyahoga,Region 3,3740 Euclid Ave Ste 101,"Cleveland, OH, 44115-2229",(513) 234-4900,NA,3355,D,F,NC,17.9,D,66.9,F,22.7,B,63.2,D,F,-4.6,NR,NC,C,-0.3,C,-0.3,C,0.2,F,F,71.7,F,64.5,F,13.5,97.4,97.2,97,9.9,NA
296,Summit Academy Community School-Columbus,296,Summit Academy Community School-Columbus,Franklin,Region 11,2521 Fairwood Ave Ste 100,"Columbus, OH, 43207-2712",(614) 237-5497,Cheryl L. Elliott,47,F,NR,NC,NC,F,44.3,NR,NC,F,0,B,C,-0.7,NR,NC,A,2.4,B,1.3,NR,NC,NR,NR,NC,NR,NC,NR,NC,94.4,93.8,94,18.4,NA
297,Summit Academy Community School - Dayton,297,Summit Academy Community School - Dayton,Montgomery,Region 10,4128 Cedar Ridge Rd,"Dayton, OH, 45414-3908",(937) 278-4298,Megan E. Fagan,137,F,F,NC,0,F,43.9,F,0,F,16.7,C,D,-1.7,NR,NC,D,-1.8,C,-0.1,C,-0.5,NR,NR,NC,NR,NC,NR,NC,90.7,90.4,90,31,NA
298,Summit Academy Secondary - Akron,298,Summit Academy Secondary - Akron,Summit,Region 8,464 S Hawkins Ave,"Akron, OH, 44320-1228",(330) 434-2343,Ralph E. Grant,64,F,F,NC,14.3,F,41.4,NR,NC,NR,NC,D,F,-2.6,NR,NC,F,-2.1,C,-0.5,NR,NC,F,F,70,D,80,F,0,91.1,89.8,92,33.3,NA
300,Summit Academy Secondary - Canton,300,Summit Academy Secondary - Canton,Stark,Region 9,2400 Cleveland Ave NW,"Canton, OH, 44709-3613",(330) 453-8547,Lisa M. Cook,106,F,F,NC,0,F,44.4,NR,NC,NR,NC,C,D,-1.1,NR,NC,D,-1.3,C,-0.6,D,-1,F,F,75,F,73.3,F,0,92.9,91.9,93,27.8,NA
301,Summit Academy Secondary - Lorain,301,Summit Academy Secondary - Lorain,Lorain,Region 2,1051 E St,"Lorain, OH, 44052-2134",(440) 288-0448,NA,79,F,F,NC,16.7,F,40.1,NR,NC,NR,NC,C,C,0.7,NR,NC,C,0.9,C,0.9,NR,NC,F,F,62.5,F,76.5,F,0,84.7,83.8,82,54.1,NA
302,Summit Academy Community School-Parma,302,Summit Academy Community School-Parma,Cuyahoga,Region 3,5868 Stumph Rd,"Parma, OH, 44130-1736",(440) 888-5407,Charlotte A. Ray,193,F,F,NC,3.4,F,48.4,F,0,F,-9.5,B,B,1.3,NR,NC,B,1.3,C,1,NR,NC,F,F,62.5,F,64.7,F,0,91.1,91,90,33.2,NA
303,Summit Academy Secondary - Youngstown,303,Summit Academy Secondary - Youngstown,Mahoning,Region 5,2800 Shady Run Rd,"Youngstown, OH, 44502-2770",(234) 228-8235,Thomas F. Harrison,249,F,F,NC,0,F,40.2,F,6.6,NR,NC,D,F,-3.5,NR,NC,F,-3.3,D,-1.6,D,-1.6,F,F,43.9,F,47.5,F,1.2,89.5,88.2,88,41.3,NA
304,Summit Academy Community School-Toledo,304,Summit Academy Community School-Toledo,Lucas,Region 1,1853 South Ave,"Toledo, OH, 43609-2086",(419) 385-5730,Julie A. Kadri,107,F,F,NC,0,F,41.3,F,0.7,F,4.2,D,F,-2,NR,NC,D,-1.2,F,-2.1,D,-1.7,NR,NR,NC,NR,NC,NR,NC,91.9,91.1,93,31.5,NA
305,Summit Academy Community School-Warren,305,Summit Academy Community School-Warren,Trumbull,Region 5,2106 Arbor Ave SE,"Warren, OH, 44484-5225",(330) 369-4233,Allison R. Glass,106,F,F,NC,0,F,47.6,F,14.1,F,2.9,A,A,3.7,NR,NC,A,3.1,A,2.6,NR,NC,NR,NR,NC,NR,NC,NR,NC,91.7,89.1,92,31.3,NA
306,Summit Academy Community School - Cincinnati,306,Summit Academy Community School - Cincinnati,Hamilton,Region 13,1660 Sternblock Ln,"Cincinnati, OH, 45237-3805",(513) 321-0561,Dale E. Leever,125,F,F,NC,0,F,42.8,F,1.6,F,5.6,C,C,0.3,NR,NC,C,-0.1,D,-1,NR,NC,NR,NR,NC,NR,NC,NR,NC,90.9,90.5,90,30.2,NA
311,Bridges Community Academy,311,Bridges Community Academy,Franklin,Region 11,190 St Francis Ave,"Tiffin, OH, 44883-3475",(419) 455-9295,Catherine M. Smith,125,F,F,NC,0,D,51.5,F,0,NR,NC,B,C,0.4,NR,NC,NR,NC,B,1,B,1.1,D,D,82.4,C,85.7,D,22.6,95.2,93.7,94,12,NA
316,Constellation Schools: Westpark Community Middle,316,Constellation Schools: Westpark Community Middle,Cuyahoga,Region 3,5730 Broadview Rd,"Parma, OH, 44134-1602",(216) 251-7200,Mindy D. Kidd,204,D,F,NC,0,D,60.5,F,0,NR,NC,B,C,0.6,NR,NC,B,1.3,C,0.8,NR,NC,NR,NR,NC,NR,NC,NR,NC,94.1,94,94,13.1,NA
43786,Cleveland Municipal City,318,Menlo Park Academy,Cuyahoga,Region 3,14440 Triskett Rd,"Cleveland, OH, 44111-2263",(440) 925-6365,NA,367,A,A,Not Met,95,A,92.3,A,100,NR,NC,C,C,-0.5,C,-0.5,NR,NC,NR,NC,NR,NC,NR,NR,NC,NR,NC,NR,NC,95.6,95.9,96,6.8,NA
319,Constellation Schools: Madison Community Elementary,319,Constellation Schools: Madison Community Elementary,Cuyahoga,Region 3,2015 W 95th St,"Cleveland, OH, 44102-3727",(216) 651-5212,Louis A. Marconi,316,F,F,NC,0,F,44.9,F,0.2,F,17.7,D,F,-6.3,NR,NC,C,-0.8,F,-4.2,NR,NC,NR,NR,NC,NR,NC,NR,NC,92.6,92.7,93,22.2,NA
320,Constellation Schools: Lorain Community Middle,320,Constellation Schools: Lorain Community Middle,Lorain,Region 2,5730 Broadview Rd,"Parma, OH, 44134-1602",(440) 242-2023,Melisa R. Shady,129,F,F,NC,0,D,54.7,F,0,NR,NC,F,F,-3.8,NR,NC,F,-2.6,F,-3.8,NR,NC,NR,NR,NC,NR,NC,NR,NC,93.3,93.2,94,20.8,NA
321,Constellation Schools: Old Brooklyn Community Middle,321,Constellation Schools: Old Brooklyn Community Middle,Cuyahoga,Region 3,5730 Broadview Rd,"Parma, OH, 44134-1602",(216) 351-0280,Cherie Kaiser,244,D,F,NC,16.7,D,64.7,F,0,NR,NC,D,F,-4.5,NR,NC,D,-1.1,F,-2.8,NR,NC,NR,NR,NC,NR,NC,NR,NC,94.7,95.6,95,13.6,NA
338,Horizon Science Academy Toledo,338,Horizon Science Academy Toledo,Lucas,Region 1,2600 W Sylvania Ave,"Toledo, OH, 43613-4300",(419) 474-3350,AYDIN KARA,550,F,F,NC,17.9,F,42.4,F,0,F,-34.2,D,F,-4.5,NR,NC,B,1.3,D,-1.6,F,-2.9,F,F,66.7,F,78.8,F,10,92.3,91.7,93,29.4,NA
396,Mansfield Elective Academy,396,Mansfield Elective Academy,Richland,Region 7,215 N Trimble Rd,"Mansfield, OH, 44906-2630",(567) 247-4475,David W. Shirley,31,F,NR,NC,NC,F,35.1,NR,NC,NR,NC,C,C,0.4,NR,NC,NR,NC,NR,NC,NR,NC,NR,NR,NC,NR,NC,NR,NC,90,89.9,83,39.1,NA
417,Buckeye On-Line School for Success,417,Buckeye On-Line School for Success,Columbiana,Region 9,119 E Fifth St,"East Liverpool, OH, 43920-3030",(330) 385-1987,NA,902,F,F,NC,7.1,D,53.4,F,1.9,F,23.1,D,F,-3.7,NR,NC,D,-1.1,F,-2.9,F,-2.6,F,F,52.5,F,57.7,F,4.4,88.6,86.4,85,33.2,NA
420,Columbus Bilingual Academy,420,Columbus Bilingual Academy,Franklin,Region 11,35 Midland Ave,"Columbus, OH, 43223-1064",(330) 515-0572,Jermaine Q. Kennedy,179,F,F,NC,0,F,45.5,F,5.8,F,-11.1,B,A,2.2,NR,NC,NR,NC,C,0.7,NR,NC,NR,NR,NC,NR,NC,NR,NC,94.9,94.2,93,13.3,NA
509,Whitehall Preparatory and Fitness Academy,509,Whitehall Preparatory and Fitness Academy,Franklin,Region 11,3474 E Livingston Ave,"Columbus, OH, 43227-2279",(614) 324-4585,Donnell Q. Drake,274,F,F,NC,0,F,44.3,F,0,NR,NC,D,F,-3.9,NR,NC,C,0.8,D,-1.1,NR,NC,NR,NR,NC,NR,NC,NR,NC,94.5,94.9,96,12.7,NA
510,Springfield Preparatory and Fitness Academy,510,Springfield Preparatory and Fitness Academy,Clark,Region 10,1615 Selma Rd,"Springfield, OH, 45505-4245",(937) 323-6250,Darren T. Fansler,171,F,F,NC,6.3,D,54.9,F,0,F,-80,F,F,-7.6,NR,NC,F,-7.5,F,-2.2,NR,NC,NR,NR,NC,NR,NC,NR,NC,93.3,93.8,93,20.6,NA
511,Northland Preparatory and Fitness Academy,511,Northland Preparatory and Fitness Academy,Franklin,Region 11,1875 Morse Rd,"Columbus, OH, 43229-6603",(614) 318-0600,Amanda R. Voss,308,F,F,NC,0,F,47.7,F,0,NR,NC,D,F,-3.2,NR,NC,C,0.4,D,-1.7,F,-2.2,NR,NR,NC,NR,NC,NR,NC,94.5,96.1,96,14.8,NA
534,Constellation Schools: Puritas Community Middle,534,Constellation Schools: Puritas Community Middle,Cuyahoga,Region 3,5730 Broadview Rd,"Parma, OH, 44134-1602",(216) 688-0680,Margaret M. Colwell,134,D,F,NC,27.3,D,66.3,F,48.2,NR,NC,A,A,8.6,NR,NC,NR,NC,A,3.2,NR,NC,NR,NR,NC,NR,NC,NR,NC,94.4,94.6,95,16.8,NA
541,Constellation Schools: Outreach Academy for Students with Di,541,Constellation Schools: Outreach Academy for Students with Di,Cuyahoga,Region 3,3727 Bosworth Rd,"Cleveland, OH, 44111-6037",(216) 688-1900,Mary Wideman,27,F,NR,NC,NC,F,36.6,NR,NC,NR,NC,NR,NR,NC,NR,NC,NR,NC,NR,NC,NR,NC,NR,NR,NC,NR,NC,NR,NC,94,93.7,95,25,NA
543,Pinnacle Academy,543,Pinnacle Academy,Cuyahoga,Region 3,860 E 222nd St,"Euclid, OH, 44123-3317",(216) 731-0127,Jennifer M. Littlefield,738,F,F,NC,0,D,51.8,F,1.2,F,1.2,F,F,-6.3,NR,NC,F,-2.1,F,-3.9,NR,NC,NR,NR,NC,NR,NC,NR,NC,94.8,94.3,94,13,NA
546,Winterfield Venture Academy,546,Winterfield Venture Academy,Lucas,Region 1,305 Wenz Rd,"Toledo, OH, 43615-6244",(419) 531-3285,Nathan W. Preston,530,F,F,NC,0,F,49.5,F,0,F,-2.3,C,C,-0.2,NR,NC,B,1.3,D,-1.2,NR,NC,NR,NR,NC,NR,NC,NR,NC,94.6,94.7,95,15.4,NA
553,"Columbus Humanities, Arts and Technology Academy",553,"Columbus Humanities, Arts and Technology Academy",Franklin,Region 11,1333 Morse Rd,"Columbus, OH, 43229-6322",(614) 261-1200,Alexander C. Adams,373,F,F,NC,0,D,51.3,F,0,F,9.4,D,F,-2.3,NR,NC,NR,NC,D,-1.1,NR,NC,NR,NR,NC,NR,NC,NR,NC,95,94.8,93,12.5,NA
556,A+ Arts Academy,556,A+ Arts Academy,Franklin,Region 11,1395 Fair Ave,"Columbus, OH, 43205-1543",(614) 338-0767,David B. Fant,677,F,F,NC,0,D,51.1,F,0,F,-64.5,D,D,-2,NR,NC,D,-1.1,F,-3,NR,NC,NR,NR,NC,NR,NC,NR,NC,91.7,91.9,91,31.3,NA
557,Columbus Arts & Technology Academy,557,Columbus Arts & Technology Academy,Franklin,Region 11,2255 Kimberly Pkwy E,"Columbus, OH, 43232-7210",(614) 577-0900,Derrick R. Shelton,537,D,F,NC,0,D,63.9,F,0,NR,NC,C,C,-0.5,NR,NC,NR,NC,C,-0.2,NR,NC,NR,NR,NC,NR,NC,NR,NC,94.9,93.6,93,15.9,NA
558,Columbus Preparatory Academy,558,Columbus Preparatory Academy,Franklin,Region 11,3330 Chippewa St,"Columbus, OH, 43204-1653",(614) 275-3600,NA,673,A,A,NC,100,A,96.6,A,100,NR,NC,F,F,-3.4,NR,NC,NR,NC,NR,NC,NR,NC,NR,NR,NC,NR,NC,NR,NC,96.7,96.9,96,2.2,NA
559,Orion Academy,559,Orion Academy,Hamilton,Region 13,1798 Queen City Ave,"Cincinnati, OH, 45214-1427",(513) 251-6000,Kendell L. Dorsey,521,F,F,NC,0,F,47,F,0,F,-4.2,D,F,-6.1,NR,NC,C,0.2,F,-2.4,F,-5.8,NR,NR,NC,NR,NC,NR,NC,92.4,92.2,95,27.2,NA
560,Apex Academy,560,Apex Academy,Cuyahoga,Region 3,16005 Terrace Rd,"Cleveland, OH, 44112-2001",(216) 451-1725,MICHAEL BEAN,613,F,F,NC,0,F,46.2,F,0,F,-6.4,F,F,-10.2,NR,NC,F,-2.4,F,-5.9,NR,NC,NR,NR,NC,NR,NC,NR,NC,94.4,94.6,93,18.1,NA
564,"Virtual Schoolhouse, Inc.",564,"Virtual Schoolhouse, Inc.",Cuyahoga,Region 3,16995 Deer Path Dr,"Strongsville, OH, 44136-6210",(216) 541-2048,Cindy L. Johnson,345,F,F,NC,0,F,41.2,F,7.4,F,3.2,C,D,-1.9,NR,NC,C,0.4,D,-1.3,F,-2.4,F,F,20.3,F,32.4,F,0,87.8,90.2,90,42.6,NA
575,Hope Academy Northwest Campus,575,Hope Academy Northwest Campus,Cuyahoga,Region 3,1441 W 116th St,"Cleveland, OH, 44102-2301",(216) 226-6800,Julio S. Alarcon,247,F,F,NC,0,F,48.6,F,8.3,F,15.4,A,A,4.3,NR,NC,A,2.1,A,3.3,NR,NC,NR,NR,NC,NR,NC,NR,NC,91.3,90.9,91,38.3,NA
576,King Academy Community School,576,King Academy Community School,Hamilton,Region 13,224 W Liberty St,"Cincinnati, OH, 45202-6990",(513) 421-7519,NA,145,D,F,NC,45.5,D,67.1,B,89.9,NR,NC,A,A,4.5,NR,NC,NR,NC,A,2.2,NR,NC,NR,NR,NC,NR,NC,NR,NC,95.9,96.8,99,8.1,NA
577,Emerson Academy,577,Emerson Academy,Montgomery,Region 10,501 Hickory St,"Dayton, OH, 45410-1232",(937) 223-2889,Alison C. Foreman,693,D,F,NC,0,D,56.1,F,1.3,F,-78.3,B,C,0.7,NR,NC,B,1.1,C,0.1,C,-0.8,NR,NR,NC,NR,NC,NR,NC,93.9,0,93,19.7,NA
608,Summit Academy Transition High School-Cincinnati,608,Summit Academy Transition High School-Cincinnati,Hamilton,Region 13,5800 Salvia Ave,"Cincinnati, OH, 45224-3029",(513) 541-4000,Stephen F. Geresy,81,F,F,NC,18.2,F,34.4,NR,NC,NR,NC,D,F,-2.4,NR,NC,D,-1.8,D,-1.3,NR,NC,F,F,73.7,F,60,F,0,89,92.7,92,37.8,NA
609,Summit Academy Middle School - Lorain,609,Summit Academy Middle School - Lorain,Lorain,Region 2,346 Illinois Ave,"Lorain, OH, 44052-2106",(440) 288-0448,Diane K. Solomon,91,F,F,NC,0,F,34.2,F,0,NR,NC,C,C,-0.8,NR,NC,D,-1,C,-0.4,NR,NC,NR,NR,NC,NR,NC,NR,NC,91.3,89.4,87,31.4,NA
610,Summit Academy Middle School - Columbus,610,Summit Academy Middle School - Columbus,Franklin,Region 11,2521 Fairwood Ave Ste 200,"Columbus, OH, 43207-2712",(614) 237-5497,Cheryl L. Elliott,101,F,F,NC,0,F,37.5,F,2.1,NR,NC,A,B,1.2,NR,NC,A,3.8,A,2.6,A,2.8,NR,NR,NC,NR,NC,NR,NC,93.5,93.2,93,20.3,NA
613,Heir Force Community School,613,Heir Force Community School,Allen,Region 6,150 W Grand Ave,"Lima, OH, 45801-4006",(419) 228-9241,Darwin O. Lofton,298,D,F,NC,18.8,D,61,F,0,F,-14.1,D,D,-1.7,NR,NC,NR,NC,D,-1.8,NR,NC,NR,NR,NC,NR,NC,NR,NC,94.3,95.2,95,17.5,NA
614,Summit Academy Transition High School-Columbus,614,Summit Academy Transition High School-Columbus,Franklin,Region 11,2521 Fairwood Ave,"Columbus, OH, 43207-2712",(614) 880-0714,Trina C. Holloway - Moore,201,F,F,NC,0,F,36.6,F,2.3,NR,NC,A,B,1.9,NR,NC,A,2.4,A,2.8,B,1.3,F,F,28.3,F,33.3,F,0,94.1,91.1,92,24.1,NA
616,Summit Academy Alternative LearnersWarren Middle & Secondary,616,Summit Academy Alternative LearnersWarren Middle & Secondary,Trumbull,Region 5,1461 Moncrest Dr NW,"Warren, OH, 44485-1928",(330) 399-1692,Erin A. Bradley,105,F,F,NC,12.5,F,40.6,F,0,NR,NC,F,F,-4.1,NR,NC,F,-3.9,F,-2.1,NR,NC,F,F,50,NR,NC,F,4.5,88.5,88.6,86,45.9,NA
621,Summit Academy Transition High School Dayton,621,Summit Academy Transition High School Dayton,Montgomery,Region 10,251 Erdiel Dr,"Dayton, OH, 45415-3632",(937) 223-3154,Gary L. Miller,130,F,F,NC,0,F,37.2,NR,NC,NR,NC,C,C,-0.7,NR,NC,C,-0.4,C,0.8,F,-2.2,F,F,68.8,D,81,F,0,89.5,89.6,92,38.7,NA
623,Summit Academy-Youngstown,623,Summit Academy-Youngstown,Mahoning,Region 5,144 N Schenley Ave,"Youngstown, OH, 44509-2041",(330) 259-0421,Michael J. Majzun,208,F,F,NC,0,F,41.6,F,0.9,F,8.2,F,F,-4.6,NR,NC,F,-3.8,F,-3.4,F,-4.6,NR,NR,NC,NR,NC,NR,NC,91.5,91.3,91,37.6,NA
629,Summit Academy Community School - Painesville,629,Summit Academy Community School - Painesville,Lake,Region 4,268 N State St,"Painesville, OH, 44077-4009",(440) 358-0877,Frank B. Cheraso,70,F,F,NC,0,F,49.4,F,3.4,D,33.3,C,C,-0.1,NR,NC,C,-0.1,C,0.2,NR,NC,NR,NR,NC,NR,NC,NR,NC,93.6,93.7,93,25,NA
633,Summit Academy Toledo Learning Center,633,Summit Academy Toledo Learning Center,Lucas,Region 1,5115 Glendale Ave Ste N,"Toledo, OH, 43614-1801",(419) 476-7859,Deborah A. Piotrowski,185,F,F,NC,11.8,F,45.1,F,0,F,-10,A,A,2.7,NR,NC,A,3.2,A,2.6,NR,NC,C,F,73.7,A,100,F,0,89.5,89.1,91,39.2,NA
634,Summit Academy Secondary School - Middletown,634,Summit Academy Secondary School - Middletown,Butler,Region 13,7 S Marshall Rd,"Middletown, OH, 45044-5375",(513) 420-9767,Beth A. Varley,86,F,F,NC,5.9,F,47.7,F,0,NR,NC,C,C,-0.1,NR,NC,C,-0.6,D,-1.2,NR,NC,NR,NR,NC,NR,NC,F,0,90.3,89.9,91,34.9,NA
677,New Day Academy Boarding & Day School,677,New Day Academy Boarding & Day School,Cuyahoga,Region 3,8566 Barbara Dr,"Mentor, OH, 44060-1917",(216) 797-1602,NA,161,F,F,NC,16.7,F,33.6,F,0,NR,NC,C,C,-0.4,NR,NC,NR,NC,C,0.2,NR,NC,F,F,60.7,D,81,F,0,89.2,90.8,90,38,NA
679,Oakstone Community School,679,Oakstone Community School,Franklin,Region 11,5747 Cleveland Ave,"Columbus, OH, 43231-2831",(614) 458-1085,Erik L. Wilson,276,D,F,NC,25,D,68.2,F,0,NR,NC,F,F,-3.5,NR,NC,F,-3.5,NR,NC,NR,NC,F,F,22.7,F,70,D,18.4,94.8,94.6,94,17.2,NA
725,Zenith Academy,725,Zenith Academy,Franklin,Region 11,8210 Havens Rd,"Blacklick, OH, 43004-8630",(614) 419-6753,Alex J. Stansbery,403,F,F,NC,0,F,41.8,F,0,F,-146,F,F,-7.5,NR,NC,NR,NC,F,-3.5,F,-6.7,F,F,33.3,NR,NC,F,0,100,100,10,0,NA
736,HBCU Preparatory School 1,736,HBCU Preparatory School 1,Cuyahoga,Region 3,12601 Shaker Blvd,"Cleveland, OH, 44120-2041",(216) 812-0244,Timothy Roberts,139,D,F,NC,18.2,D,59.8,F,0,F,-132,D,F,-2.6,NR,NC,NR,NC,C,0.5,NR,NC,NR,NR,NC,NR,NC,NR,NC,94.2,88.2,95,21.1,NA
738,HBCU Preparatory School 2,738,HBCU Preparatory School 2,Cuyahoga,Region 3,12601 Shaker Blvd,"Cleveland, OH, 44120-2041",(216) 812-0244,Timothy Roberts,111,NR,NR,NC,NC,NR,NC,NR,NC,NR,NC,NR,NR,NC,NR,NC,NR,NC,NR,NC,NR,NC,NR,NR,NC,NR,NC,NR,NC,94.3,89.5,95,15.9,NA
770,"Maritime Academy of Toledo, The",770,"Maritime Academy of Toledo, The",Lucas,Region 1,803 Water St,"Toledo, OH, 43604-1831",(419) 244-9999,Aaron M. Lusk,259,F,F,NC,0,F,46.7,F,0,NR,NC,D,F,-2.1,NR,NC,B,1.1,F,-2.3,C,-0.6,F,F,61.5,F,75,F,0,0,93.4,92,NC,NA
123257,North Central Ohio ESC,779,Educational Academy for Boys & Girls,Seneca,Region 1,1500 W 3rd Ave,"Columbus, OH, 43212-2843",(614) 294-3020,Jameica H. Shoultz,122,F,F,NC,0,F,45.6,F,0,NR,NC,C,D,-1.7,NR,NC,NR,NC,C,0.5,NR,NC,NR,NR,NC,NR,NC,NR,NC,94,92.6,93,18.9,NA
123257,North Central Ohio ESC,780,Midnimo Cross Cultural Community School,Seneca,Region 1,1500 W 3rd Ave Ste 125,"Columbus, OH, 43212-2883",(614) 261-7480,Amy L. Shrock,99,F,F,NC,0,F,48.6,F,0,NR,NC,A,A,3.4,NR,NC,NR,NC,A,2.8,NR,NC,NR,NR,NC,NR,NC,NR,NC,94,95.3,94,16.7,NA
781,Cincinnati Speech & Reading Intervention Center,781,Cincinnati Speech & Reading Intervention Center,Hamilton,Region 13,1812 Central Pkwy,"Cincinnati, OH, 45214-2304",NA,Genesis N. Henderson,267,F,F,NC,0,F,45.9,F,19.2,F,24.1,F,F,-3.9,NR,NC,F,-4.5,F,-4.5,NR,NC,NR,NR,NC,NR,NC,NR,NC,90.7,91.9,93,37.5,NA
804,Horizon Science Academy-Cincinnati,804,Horizon Science Academy-Cincinnati,Hamilton,Region 13,1055 Laidlaw Ave,"Cincinnati, OH, 45237-5005",(513) 242-0099,Ergun Sevilmis,343,F,F,NC,0,F,40.6,F,1.9,NR,NC,F,F,-4.7,NR,NC,NR,NC,F,-3.1,NR,NC,F,F,46.7,F,78.6,F,7,89.8,89.9,90,37.8,NA
808,Horizon Science Academy-Dayton,808,Horizon Science Academy-Dayton,Montgomery,Region 10,4751 sue ann blvd,"Dayton, OH, 45415",(937) 277-1177,Kellie K. Berlean,167,F,F,NC,0,F,46.5,F,0,F,5.7,B,C,0.5,NR,NC,C,-0.3,B,1.5,NR,NC,NR,NR,NC,NR,NC,NR,NC,92.4,92.1,92,29.9,NA
825,Horizon Science Academy-Springfield,825,Horizon Science Academy-Springfield,Lucas,Region 1,630 S Reynolds Rd,"Toledo, OH, 43615-6314",(419) 535-0524,Erin A. Schreiner,360,F,F,NC,0,D,50.2,F,0,F,-16.2,B,A,4.4,NR,NC,C,-0.2,A,3.3,A,4.1,NR,NR,NC,NR,NC,NR,NC,92.5,92,92,28.4,NA
838,Horizon Science Academy-Denison Middle School,838,Horizon Science Academy-Denison Middle School,Cuyahoga,Region 3,1700 Denison Ave,"Cleveland, OH, 44109-2925",(216) 739-9911,NA,267,F,F,NC,0,F,46.4,F,18.2,F,-8.3,B,A,6.6,NR,NC,C,0.6,A,4,NR,NC,NR,NR,NC,NR,NC,NR,NC,93.9,93.6,93,19.4,NA
843,Bennett Venture Academy,843,Bennett Venture Academy,Lucas,Region 1,5130 Bennett Road,"Toledo, OH, 43612",(419) 269-2247,Luis R. Calderon,713,D,F,NC,0,D,57.1,F,0,F,18.1,C,D,-1.3,NR,NC,A,2.9,C,0.1,NR,NC,NR,NR,NC,NR,NC,NR,NC,94.2,94.1,95,16.3,NA
855,Stambaugh Charter Academy,855,Stambaugh Charter Academy,Mahoning,Region 5,2420 Donald Ave,"Youngstown, OH, 44509-1306",(330) 792-4806,Landon A. Brown II,441,D,F,NC,0,D,58.5,F,22.1,F,-8.2,A,A,5.1,NR,NC,A,4.6,A,2.6,NR,NC,NR,NR,NC,NR,NC,NR,NC,93.1,92.4,92,26.8,NA
858,Horizon Science Academy-Cleveland Middle School,858,Horizon Science Academy-Cleveland Middle School,Cuyahoga,Region 3,6100 S Marginal Rd,"Cleveland, OH, 44103-1043",(216) 432-9940,NA,301,D,F,NC,5.6,D,55.4,F,0,F,-10.5,C,D,-1.4,NR,NC,NR,NC,C,-0.7,NR,NC,NR,NR,NC,NR,NC,NR,NC,94.7,94.3,94,15.2,NA
875,Westside Academy,875,Westside Academy,Franklin,Region 11,4330 Clime Rd North,"Columbus, OH, 43228-3439",(614) 272-9392,NA,214,D,F,NC,0,D,55.4,F,0,F,20.8,B,B,2,NR,NC,NR,NC,B,1,NR,NC,NR,NR,NC,NR,NC,NR,NC,96.2,0,96,9,NA
43786,Cleveland Municipal City,930,Cleveland Entrepreneurship Preparatory School,Cuyahoga,Region 3,1417 E 36th St Fl 2,"Cleveland, OH, 44114-4116",(216) 456-2080,Tiara S. Jordan,295,D,F,NC,0,D,61.3,F,0,NR,NC,A,A,5.4,NR,NC,A,2.4,A,5.1,NR,NC,NR,NR,NC,NR,NC,NR,NC,94.7,94,93,15,NA
938,Gateway Academy of Ohio,938,Gateway Academy of Ohio,Franklin,Region 11,2323 Lake Club Dr,"Columbus, OH, 43232-3101",(614) 501-3822,Courtney C. Williams,41,F,F,NC,0,F,33,NR,NC,NR,NC,NR,NR,NC,NR,NC,NR,NC,NR,NC,NR,NC,F,F,52.2,F,74.1,F,0,83,80.9,84,72.4,NA
44453,Newark City,941,Par Excellence Academy,Licking,Region 11,96 Maholm St,"Newark, OH, 43055-3906",(740) 344-7279,NA,141,D,F,NC,0,D,62.6,F,0,NR,NC,C,C,-0.6,NR,NC,C,-0.7,NR,NC,NR,NC,NR,NR,NC,NR,NC,NR,NC,94.5,92.8,93,16.2,NA
951,Toledo Preparatory and Fitness Academy,951,Toledo Preparatory and Fitness Academy,Lucas,Region 1,3001 Hill Ave,"Toledo, OH, 43607-2932",(419) 535-3700,Valerie E. Sandy,198,D,F,NC,12.5,D,63.8,F,0,F,14.3,C,C,0.8,NR,NC,C,-0.3,F,-2.5,NR,NC,NR,NR,NC,NR,NC,NR,NC,97.3,98.1,94,1.1,NA
952,Columbus Preparatory and Fitness Academy,952,Columbus Preparatory and Fitness Academy,Franklin,Region 11,1258 Demorest Rd,"Columbus, OH, 43204-7003",(614) 318-0606,Jeffrey R. Luelleman,294,D,F,NC,12.5,D,55.8,F,0,F,-31.6,D,F,-4.1,NR,NC,D,-1.6,F,-3.1,NR,NC,NR,NR,NC,NR,NC,NR,NC,95.2,94.3,94,15.9,NA
953,Mt. Healthy Preparatory and Fitness Academy,953,Mt. Healthy Preparatory and Fitness Academy,Hamilton,Region 13,7601 Harrison Ave,"Cincinnati, OH, 45231-3107",(513) 587-6280,Timothy R. Baggs,292,F,F,NC,0,F,48.3,F,0,F,-44.4,D,F,-6.3,NR,NC,D,-1.9,F,-3.8,NR,NC,NR,NR,NC,NR,NC,NR,NC,93.9,94.6,94,20.8,NA
7984,Youngstown Academy of Excellence,7984,Youngstown Academy of Excellence,Mahoning,Region 5,1408 Rigby St,"Youngstown, OH, 44506-1617",(330) 746-3970,Jennifer S. Hutton,151,F,F,NC,0,F,47.8,F,0,F,-80,D,D,-1.9,NR,NC,NR,NC,D,-1.7,F,-2.4,NR,NR,NC,NR,NC,NR,NC,91.2,89.8,93,31.2,NA
7995,Cleveland Arts and Social Sciences Academy,7995,Cleveland Arts and Social Sciences Academy,Cuyahoga,Region 3,10701 Shaker Blvd,"Cleveland, OH, 44104-3752",(216) 229-3000,Debroah A. Mays,333,D,F,NC,31.3,D,65.5,D,60.6,A,83.3,B,A,10.3,NR,NC,B,1.6,D,-1.4,NR,NC,NR,NR,NC,NR,NC,NR,NC,94.2,93.7,94,16.3,NA
7999,Charles School at Ohio Dominican University,7999,Charles School at Ohio Dominican University,Franklin,Region 11,3950 Indianola Ave,"Columbus, OH, 43214-3158",(614) 258-8588,Yolanda Perez,387,D,F,NC,38.5,D,59.9,F,0,NR,NC,B,A,2.7,NR,NC,C,-0.5,A,2.5,NR,NC,F,F,3.8,F,76.3,D,15.5,92.3,92.8,92,23.8,NA
8000,Lorain Preparatory Academy,8000,Lorain Preparatory Academy,Lorain,Region 2,4119 Leavitt Rd,"Lorain, OH, 44053-2341",(440) 282-3127,Erik A. Thorson,318,D,F,NC,0,D,55.3,F,13.2,F,-107,C,C,0,NR,NC,D,-1.4,C,-0.5,NR,NC,NR,NR,NC,NR,NC,NR,NC,92.8,91.7,93,26.3,NA
8064,Academy of Arts and Sciences,8064,Academy of Arts and Sciences,Lorain,Region 2,4101 Leavitt Rd,"Lorain, OH, 44053-2341",(440) 244-0156,James P. Sinclair,166,NR,NR,NC,NC,NR,NC,NR,NC,A,100,NR,NR,NC,NR,NC,NR,NC,NR,NC,NR,NC,NR,NR,NC,NR,NC,NR,NC,92.3,91.6,91,29.9,NA
8278,Noble Academy-Cleveland,8278,Noble Academy-Cleveland,Cuyahoga,Region 3,1200 E 200th St,"Euclid, OH, 44117-1111",(216) 486-8866,NA,400,D,F,NC,0,D,63.8,F,0,F,-48,C,D,-1,NR,NC,C,-0.5,D,-1.4,NR,NC,NR,NR,NC,NR,NC,NR,NC,96.2,96,96,4.9,NA
8280,Noble Academy-Columbus,8280,Noble Academy-Columbus,Franklin,Region 11,1329 Bethel Rd,"Columbus, OH, 43220-2611",(614) 326-0687,Abdulkadir Parlar,316,D,F,NC,6.3,D,62.6,F,33.5,F,3.8,A,A,3,NR,NC,NR,NC,A,2.3,NR,NC,NR,NR,NC,NR,NC,NR,NC,95,94.7,95,14.3,NA
8281,South Scioto Academy,8281,South Scioto Academy,Franklin,Region 11,2200 Winslow Dr,"Columbus, OH, 43207-2270",(614) 445-7684,Courtney R. Watters,224,F,F,NC,0,F,39.8,F,0,F,4,D,F,-2.4,NR,NC,C,-0.6,F,-2.1,NR,NC,NR,NR,NC,NR,NC,NR,NC,88.8,88.5,88,49.5,NA
8286,Harvard Avenue Performance Academy,8286,Harvard Avenue Performance Academy,Cuyahoga,Region 3,12000 Harvard Ave,"Cleveland, OH, 44105-5444",(216) 283-5100,Paula D. Baldwin,576,F,F,NC,0,F,35.2,F,0,F,-324,F,F,-9.4,NR,NC,F,-3.5,F,-7.2,F,-8,NR,NR,NC,NR,NC,NR,NC,94,NC,92,17.2,NA
8287,Groveport Community School,8287,Groveport Community School,Franklin,Region 11,4485 S Hamilton Rd,"Groveport, OH, 43125-9334",(614) 574-0037,Dair F. Foster,767,D,F,NC,0,D,55,F,1.3,F,6.2,B,A,2.6,NR,NC,C,0.5,A,2.1,NR,NC,NR,NR,NC,NR,NC,NR,NC,94.2,93.1,94,17.4,NA
9122,Columbus Collegiate Academy,9122,Columbus Collegiate Academy,Franklin,Region 11,1469 E Main St,"Columbus, OH, 43205-2152",(614) 299-5284,Melissa C. Barrett,215,D,F,NC,12.5,D,58.9,F,0,NR,NC,A,A,5.5,NR,NC,B,1,A,4.3,NR,NC,NR,NR,NC,NR,NC,NR,NC,93.4,94.1,94,19.8,NA
9147,Northpointe Academy,9147,Northpointe Academy,Lucas,Region 1,3648 Victory Ave,"Toledo, OH, 43607-2564",(419) 535-1997,Nicholas L. Jacobs,375,F,F,NC,0,F,37.2,F,0,F,22.7,D,F,-5.3,NR,NC,C,0.4,F,-4.9,NR,NC,NR,NR,NC,NR,NC,NR,NC,89.5,91.7,91,38.1,NA
9149,Constellation Schools: Westside Community School of the Arts,9149,Constellation Schools: Westside Community School of the Arts,Cuyahoga,Region 3,5730 Broadview Rd,"Parma, OH, 44134-1602",(216) 688-1900,Deborah A. Rotolo,359,D,F,NC,0,D,55.5,F,0,F,9.1,D,F,-3.9,NR,NC,D,-1.9,D,-1.7,NR,NC,NR,NR,NC,NR,NC,NR,NC,93.4,93.4,94,19.6,NA
9163,C.M. Grant Leadership Academy,9163,C.M. Grant Leadership Academy,Franklin,Region 11,2440 Dawnlight Ave,"Columbus, OH, 43211-1934",(614) 478-3875,Nicholas L. Jacobs,100,F,F,NC,0,F,34.6,F,0,F,0,F,F,-4.1,NR,NC,NR,NC,F,-3.2,D,-1.3,NR,NR,NC,NR,NC,NR,NC,89.4,90.6,86,38.3,NA
9164,Central Academy of Ohio,9164,Central Academy of Ohio,Lucas,Region 1,2727 Kenwood Blvd,"Toledo, OH, 43606-3216",(419) 205-9800,Mariam L. Saleh,175,F,F,NC,0,F,36.6,F,0,F,-52.9,C,C,0.4,NR,NC,NR,NC,C,-0.2,NR,NC,NR,NR,NC,NR,NC,NR,NC,91.5,89.5,93,28.3,NA
9171,Star Academy of Toledo,9171,Star Academy of Toledo,Lucas,Region 1,5025 Glendale Ave,"Toledo, OH, 43614-1855",(419) 720-6330,Julieta R. Flowers,182,F,F,NC,0,D,52.7,F,12.2,F,5.7,C,C,0.1,NR,NC,NR,NC,C,-0.9,C,-0.2,NR,NR,NC,NR,NC,NR,NC,88.8,88.7,86,50.6,NA
9179,Horizon Science Academy Columbus Middle School,9179,Horizon Science Academy Columbus Middle School,Franklin,Region 11,2350 Morse Rd,"Columbus, OH, 43229-5801",(614) 428-6564,Okan Celiker,452,F,F,NC,0,D,53,F,1.5,NR,NC,B,A,8.9,NR,NC,C,0.4,A,6.8,NR,NC,NR,NR,NC,NR,NC,NR,NC,95.7,95.3,95,9,NA
9181,Clay Avenue Community School,9181,Clay Avenue Community School,Lucas,Region 1,1030 Clay Ave,"Toledo, OH, 43608-2167",(419) 727-9900,NA,524,F,F,NC,0,F,45.5,F,10.6,B,76.7,B,A,4.3,NR,NC,C,0.6,B,1.5,A,3.3,NR,NR,NC,NR,NC,NR,NC,93.7,92.8,93,24,NA
9192,Foundation Academy,9192,Foundation Academy,Richland,Region 7,1050 Wyandotte Ave,"Mansfield, OH, 44906-1939",(419) 526-9540,Joann T. Hipsher,394,D,F,NC,0,D,61.1,F,27.5,F,-11.1,B,B,1.6,NR,NC,NR,NC,C,0.6,NR,NC,NR,NR,NC,NR,NC,NR,NC,93.4,93.2,93,19.4,NA
43844,Dayton City,9283,"Dayton Early College Academy, Inc",Montgomery,Region 10,300 College Park,"Dayton, OH, 45469-0001",(937) 229-5780,Danya N. Berry,446,D,D,NC,50,D,69.7,D,66.7,NR,NC,A,A,9.6,NR,NC,NR,NC,A,3.7,NR,NC,A,A,94,B,94,F,12,97.6,NC,96,2.1,NA
9953,Sullivant Avenue Community School,9953,Sullivant Avenue Community School,Franklin,Region 11,3435 Sullivant Ave,"Columbus, OH, 43204-1103",(614) 308-5991,Jamie A. Lama,360,F,F,NC,0,F,47.1,F,0.8,F,15.4,F,F,-3.4,NR,NC,NR,NC,F,-3.6,F,-2.9,NR,NR,NC,NR,NC,NR,NC,92,92.3,92,30.2,NA
9954,Harrisburg Pike Community School,9954,Harrisburg Pike Community School,Franklin,Region 11,680 Harrisburg Pike,"Columbus, OH, 43223-2100",(614) 223-1510,Jeffrey A. Clark,328,D,F,NC,9.1,D,58.1,F,3.6,F,7.1,B,A,4.8,NR,NC,C,0,B,1.6,NR,NC,NR,NR,NC,NR,NC,NR,NC,90.8,90.9,92,34.9,NA
9955,Madison Avenue School of Arts,9955,Madison Avenue School of Arts,Lucas,Region 1,1511 Madison Ave,"Toledo, OH, 43604-4433",(419) 259-4000,Patricia R. Irons,607,F,F,NC,0,F,40.7,F,0,F,-149,D,F,-5.9,NR,NC,B,1.8,F,-4.7,NR,NC,NR,NR,NC,NR,NC,NR,NC,91.6,94,93,30.5,NA
9957,Klepinger Community School,9957,Klepinger Community School,Montgomery,Region 10,3650 Klepinger Rd,"Dayton, OH, 45416-1919",(937) 610-1710,Melissa D. McManaway,417,F,F,NC,12.5,D,54.3,F,46.9,F,21.1,A,A,16,NR,NC,A,5.8,A,8,NR,NC,NR,NR,NC,NR,NC,NR,NC,91.8,91.4,91,31.9,NA
9964,Sciotoville Elementary Academy,9964,Sciotoville Elementary Academy,Scioto,Region 15,5540 3rd St,"Sciotoville, OH, 45662-5402",(740) 776-2916,Foresta Shope,136,D,F,NC,20,D,67.9,F,49.5,F,-37.5,C,C,-0.3,NR,NC,NR,NC,NR,NC,NR,NC,NR,NR,NC,NR,NC,NR,NC,93.3,93.1,94,24.4,NA
9990,Horizon Science Academy Elementary School,9990,Horizon Science Academy Elementary School,Franklin,Region 11,2835 Morse Rd,"Columbus, OH, 43231-6033",(614) 475-4585,Shawn C. Ritter,557,D,F,NC,0,D,57.1,F,5.7,NR,NC,D,F,-3.1,NR,NC,F,-2.4,D,-1.9,NR,NC,NR,NR,NC,NR,NC,NR,NC,96.8,96.2,95,3.8,NA
9997,KIPP Columbus,9997,KIPP Columbus,Franklin,Region 11,2750 Agler Rd,"Columbus, OH, 43224-4616",(614) 263-6137,NA,734,D,F,NC,8.3,D,56.6,F,1,C,45.2,B,A,5.4,NR,NC,C,-0.4,A,3.6,NR,NC,NR,NR,NC,NR,NC,NR,NC,93.5,93.7,93,20.5,NA
10007,Horizon Science Academy Denison Elementary School,10007,Horizon Science Academy Denison Elementary School,Cuyahoga,Region 3,2261 Columbus Rd,"Cleveland, OH, 44113-4230",(216) 661-8840,NA,153,F,F,NC,0,F,42.3,F,0,F,-16.1,D,F,-4.6,NR,NC,C,-0.6,F,-3.8,NR,NC,NR,NR,NC,NR,NC,NR,NC,94.4,93.1,93,10.6,NA
10036,Cesar Chavez College Preparatory School,10036,Cesar Chavez College Preparatory School,Franklin,Region 11,1500 W 3rd Ave Ste 125,"Columbus, OH, 43212-2883",(614) 297-8801,ESTELLA F. STEPHENS,335,F,F,NC,0,F,46.5,F,0,F,-40,F,F,-3.5,NR,NC,NR,NC,F,-2.1,NR,NC,NR,NR,NC,NR,NC,NR,NC,94.7,95.5,93,13.6,NA
10180,Mount Auburn International Academy,10180,Mount Auburn International Academy,Hamilton,Region 13,244 Southern Ave,"Cincinnati, OH, 45219-3023",(513) 241-5500,NA,513,F,F,NC,0,F,48.9,F,0,F,-41.7,F,F,-6.6,NR,NC,F,-3.6,F,-4.6,F,-6.1,NR,NR,NC,NR,NC,F,5.6,92.2,91.2,96,29.8,NA
10182,Performance Academy Eastland,10182,Performance Academy Eastland,Franklin,Region 11,2220 S Hamilton Rd,"Columbus, OH, 43232-4304",(614) 314-6301,Norbert D. Tate,304,F,F,NC,0,D,50,F,0,F,-35,D,F,-5,NR,NC,D,-1.7,F,-3.6,F,-4.6,NR,NR,NC,NR,NC,NR,NC,98.8,98.8,95,0.8,NA
10205,L. Hollingworth School for Talented and Gifted,10205,L. Hollingworth School for Talented and Gifted,Lucas,Region 1,653 Miami St,"Toledo, OH, 43605-2277",(419) 705-3411,Terrence Franklin,329,F,F,NC,0,F,46.2,F,0,F,6.9,F,F,-6.2,NR,NC,F,-2.4,F,-3.7,NR,NC,NR,NR,NC,NR,NC,NR,NC,93,93.9,94,23.8,NA
43786,Cleveland Municipal City,11291,Village Preparatory School,Cuyahoga,Region 3,1415 E 36th St Fl 2,"Cleveland, OH, 44114-4116",(216) 456-2070,Randall A. Yates,424,D,F,NC,0,D,61.7,F,24.1,F,2.4,D,F,-3.7,NR,NC,C,0.4,F,-3.4,NR,NC,NR,NR,NC,NR,NC,NR,NC,93.7,92.6,93,20.3,NA
49965,Summit County ESC,11381,Greater Summit County Early Learning Center,Summit,Region 8,2141 Pickle Rd,"Akron, OH, 44312-4221",(330) 945-5600,NA,126,A,A,NC,100,A,90.7,A,100,NR,NC,A,A,3,NR,NC,NR,NC,NR,NC,NR,NC,NR,NR,NC,NR,NC,NR,NC,96.1,96,96,2.4,NA
11390,Bella Academy of Excellence,11390,Bella Academy of Excellence,Cuyahoga,Region 3,19114 Bella Dr,"Cleveland, OH, 44119-3007",(216) 481-1500,Arun Dutt,307,F,F,NC,0,D,53.7,F,23.6,F,18.9,B,A,3.2,NR,NC,C,-0.7,C,0.1,NR,NC,NR,NR,NC,NR,NC,NR,NC,94.7,93.7,94,14.8,NA
11439,Renaissance Academy,11439,Renaissance Academy,Franklin,Region 11,1555 Elaine Rd,"Columbus, OH, 43227-2347",(614) 866-7277,Sharice L. Martin,165,F,F,NC,0,F,39.2,F,0,F,-5.3,C,C,-0.9,NR,NC,NR,NC,C,-0.3,C,0.6,NR,NR,NC,NR,NC,NR,NC,93.8,96.3,91,20.7,NA
11468,Columbus Bilingual Academy-North,11468,Columbus Bilingual Academy-North,Franklin,Region 11,3360 Kohr Blvd,"Columbus, OH, 43224-3051",(614) 525-0309,Erik F. Barbon,379,F,F,NC,0,F,46.4,F,0.3,D,36.9,C,C,-0.8,NR,NC,C,0.8,C,0.1,NR,NC,NR,NR,NC,NR,NC,NR,NC,94.2,93.9,94,13.8,NA
123257,North Central Ohio ESC,11511,Lakeland Academy Community School,Seneca,Region 1,101 E Main St,"Freeport, OH, 43973-9355",(740) 658-1042,Mindy J. Pittis,59,F,F,NC,0,D,50.2,NR,NC,NR,NC,NR,NR,NC,NR,NC,NR,NC,NR,NC,NR,NC,NR,NR,NC,NR,NC,NR,NC,94.2,92.8,92,15.1,NA
11533,Horizon Science Academy Lorain,11533,Horizon Science Academy Lorain,Lorain,Region 2,760 Tower Blvd,"Lorain, OH, 44052-5223",(440) 282-4277,Muhammed F. Sumer,617,D,F,NC,10.7,D,57,F,0,F,-12,D,D,-1.7,NR,NC,F,-2,F,-2.1,NR,NC,NR,NR,NC,NR,NC,NR,NC,94.2,94.1,94,14.7,NA
11534,Horizon Science Academy Dayton High School,11534,Horizon Science Academy Dayton High School,Montgomery,Region 10,250 Shoup Mill Rd,"Dayton, OH, 45415-3517",(937) 281-1480,Hakan Bagcioglu,309,F,F,NC,5,F,43.8,F,29.8,NR,NC,A,A,3.8,NR,NC,B,1.5,A,4.4,NR,NC,F,F,74.3,F,64.9,F,2.8,91.2,92.2,92,33.8,NA
43786,Cleveland Municipal City,11923,Northeast Ohio College Preparatory School,Cuyahoga,Region 3,2280 Professor Ave,"Cleveland, OH, 44113-4467",(216) 965-0580,VEDA L. GILES-WEEKS,553,D,F,Not Met,17.2,D,55.6,F,0,NR,NC,B,C,0,NR,NC,D,-1.1,A,2.2,NR,NC,F,F,67.3,NR,NC,F,2,91.5,90.9,90,29.4,NA
11947,Imagine Akron Academy,11947,Imagine Akron Academy,Franklin,Region 11,1585 Frederick Blvd,"Akron, OH, 44320-4000",(330) 379-1034,Elizabeth W. Hibbs,62,NR,NR,NC,NC,NR,NC,NR,NC,NR,NC,NR,NR,NC,NR,NC,NR,NC,NR,NC,NR,NC,NR,NR,NC,NR,NC,NR,NC,91.5,92.4,92,33.3,NA
123257,North Central Ohio ESC,11967,Richland Academy School of Excellence,Seneca,Region 1,1456 Park Ave W,"Ontario, OH, 44906-2700",(419) 522-7273,NA,196,C,F,NC,43.8,C,74,F,50,NR,NC,C,C,0.8,NR,NC,NR,NC,NR,NC,NR,NC,NR,NR,NC,NR,NC,NR,NC,95.9,95.4,95,3.7,NA
11972,Graham Expeditionary Middle School,11972,Graham Expeditionary Middle School,Franklin,Region 11,3950 Indianola Ave,"Columbus, OH, 43214-3167",(614) 253-4000,Gregory C. Brown,128,D,F,NC,0,D,60.1,F,0.6,NR,NC,A,A,5.3,NR,NC,B,1.6,A,3.5,NR,NC,NR,NR,NC,NR,NC,NR,NC,92.8,93.3,92,26.1,NA
11976,Horizon Science Academy Dayton Downtown,11976,Horizon Science Academy Dayton Downtown,Montgomery,Region 10,121 S Monmouth St,"Dayton, OH, 45403-2127",(937) 281-1980,Mustafa Ada,228,F,F,NC,0,D,50.7,F,9,F,2.1,A,A,3.1,NR,NC,NR,NC,A,2,NR,NC,NR,NR,NC,NR,NC,NR,NC,93.6,94,92,22,NA
11986,Horizon Science Academy Youngstown,11986,Horizon Science Academy Youngstown,Mahoning,Region 5,3403 Southern Blvd,"Youngstown, OH, 44507-2044",(330) 782-3003,Ferhat Kapki,398,F,F,NC,0,F,42.5,F,0,F,-60.7,D,F,-8.4,NR,NC,A,2.5,F,-2.8,NR,NC,NR,NR,NC,NR,NC,NR,NC,93.6,94,94,20,NA
12009,Zenith Academy East,12009,Zenith Academy East,Franklin,Region 11,2261 S Hamilton Rd,"Columbus, OH, 43232-4301",(614) 577-0997,Heather M. Birch,307,F,F,NC,0,D,52.7,F,0,NR,NC,C,C,-0.7,NR,NC,NR,NC,D,-1.4,NR,NC,NR,NR,NC,NR,NC,NR,NC,96.9,100,10,9.6,NA
43786,Cleveland Municipal City,12010,Cleveland College Preparatory School,Cuyahoga,Region 3,4906 Fleet Ave,"Cleveland, OH, 44105-3328",(216) 341-1347,Phillip A. Penn,282,D,F,NC,0,D,55,F,4.8,NR,NC,C,D,-1.7,NR,NC,NR,NC,C,-0.8,NR,NC,NR,NR,NC,NR,NC,NR,NC,92.1,91.2,91,28.7,NA
12011,Columbus Performance Academy,12011,Columbus Performance Academy,Franklin,Region 11,2 Easton Oval Ste 525,"Columbus, OH, 43219-7008",(614) 318-0720,ADAM R. Haman,176,F,F,NC,0,D,50.5,F,5.1,F,-40,B,B,1.7,NR,NC,C,1,B,1.1,B,1.1,NR,NR,NC,NR,NC,NR,NC,92.7,91.2,93,24.4,NA
12025,Constellation Schools: Stockyard Community Middle,12025,Constellation Schools: Stockyard Community Middle,Cuyahoga,Region 3,5730 Broadview Rd,"Parma, OH, 44134-1602",(216) 961-5052,Amber J. Steele,83,F,F,NC,0,F,41.5,F,0,NR,NC,C,C,0.1,NR,NC,C,-0.9,D,-1.4,NR,NC,NR,NR,NC,NR,NC,NR,NC,91.7,91,94,30.8,NA
12026,Constellation Schools: Collinwood Village Academy,12026,Constellation Schools: Collinwood Village Academy,Cuyahoga,Region 3,5730 Broadview Rd,"Parma, OH, 44134-1602",(216) 451-4022,Bethany A. Scott,135,F,F,NC,0,D,53,F,0,F,16,F,F,-5.2,NR,NC,NR,NC,F,-2.3,NR,NC,NR,NR,NC,NR,NC,NR,NC,93.9,93.2,93,13.7,NA
43786,Cleveland Municipal City,12029,Citizens Leadership Academy,Cuyahoga,Region 3,9711 Lamont Ave,"Cleveland, OH, 44106-4124",(216) 229-8185,Sydney S. Gruhin,258,D,F,NC,0,D,64.8,F,0,NR,NC,A,A,9.4,NR,NC,A,4.9,A,6.2,NR,NC,NR,NR,NC,NR,NC,NR,NC,95.4,94.2,95,9.1,NA
43786,Cleveland Municipal City,12030,Near West Intergenerational School,Cuyahoga,Region 3,3805 Terrett Ave,"Cleveland, OH, 44113-2847",(216) 961-4308,Molly R. Toussant,191,C,F,NC,37.5,C,74.4,F,50,NR,NC,C,C,-1,NR,NC,NR,NC,NR,NC,NR,NC,NR,NR,NC,NR,NC,NR,NC,94.8,93.9,94,11.8,NA
43786,Cleveland Municipal City,12031,Entrepreneurship Preparatory School - Woodland Hills Campus,Cuyahoga,Region 3,9201 Crane Ave,"Cleveland, OH, 44105-1627",(216) 298-1164,Ashley squires,269,D,F,NC,9.1,D,55.4,F,0,NR,NC,B,A,5.6,NR,NC,C,1,A,7.7,NR,NC,NR,NR,NC,NR,NC,NR,NC,93.9,94.2,94,20.6,NA
48850,Maysville Local,12033,Foxfire Intermediate School,Muskingum,Region 12,2805 Pinkerton Ln,"Zanesville, OH, 43701-8593",(740) 453-4509,Amanda K. Matthews,124,F,F,NC,7.7,F,47.8,F,39.7,NR,NC,A,A,4,NR,NC,A,5,A,5.1,A,5.4,NR,NR,NC,NR,NC,NR,NC,91.6,92.4,93,27,NA
12045,Patriot Preparatory Academy,12045,Patriot Preparatory Academy,Franklin,Region 11,4938 Beatrice Dr,"Columbus, OH, 43227-2113",(614) 864-5332,NA,567,D,F,NC,22.2,D,55.5,F,0,NR,NC,F,F,-8.6,NR,NC,NR,NC,F,-5.3,NR,NC,A,A,95.5,A,95.8,D,29.1,93.7,93.9,95,16.2,NA
123257,North Central Ohio ESC,12054,North Central Academy,Seneca,Region 1,928 W Market St Ste B,"Tiffin, OH, 44883-2529",(419) 448-5786,NA,93,F,F,NC,20,F,42.6,F,0,NR,NC,C,C,-0.2,NR,NC,C,0.4,C,0.6,C,-0.1,F,F,41.7,F,48.6,F,1.7,88.1,87.6,89,40.5,NA
12060,Akros Middle School,12060,Akros Middle School,Summit,Region 8,265 Park St,"Akron, OH, 44304-1305",(330) 374-6704,Holly S. Piskula,133,F,F,NC,0,F,48.8,F,0,NR,NC,D,F,-3.6,NR,NC,C,0.1,D,-2,NR,NC,NR,NR,NC,NR,NC,NR,NC,93,93.1,94,19.8,NA
12078,Quest Community School,12078,Quest Community School,Franklin,Region 11,12000 Snow Rd Ste 415,"Parma, OH, 44130-9313",(216) 220-4412,Katherine M. Gulliford,72,F,F,NC,40,NR,NC,NR,NC,NR,NC,NR,NR,NC,NR,NC,NR,NC,NR,NC,NR,NC,F,F,12.5,F,4,F,0,65.1,78.1,0,83.3,NA
12105,Southside Academy,12105,Southside Academy,Mahoning,Region 5,1400 Oak Hill Ave,"Youngstown, OH, 44507-1018",(330) 744-5562,Stephanie A. Groscost,150,F,F,NC,0,F,41.2,F,3.6,F,8.3,A,A,3.9,NR,NC,B,1.6,A,3.3,A,4.3,NR,NR,NC,NR,NC,NR,NC,90.8,89.2,89,35.3,NA
50526,Tri-County ESC,12501,Beacon Hill Academy,Wayne,Region 9,PO Box 285,"Mount Eaton, OH, 44659-0285",(330) 359-5600,Bradley A. Herman,74,D,F,NC,33.3,D,67.4,C,72.6,NR,NC,F,F,-2.8,NR,NC,NR,NC,NR,NC,NR,NC,F,F,9.1,NR,NC,F,0,97.4,97.4,97,1.4,NA
12513,Madisonville SMART Elementary,12513,Madisonville SMART Elementary,Hamilton,Region 13,4324 Homer Ave,"Cincinnati, OH, 45227-2943",(513) 241-1101,Genesis N. Henderson,236,F,F,NC,0,F,42,F,0,F,0,F,F,-8.2,NR,NC,NR,NC,F,-4,NR,NC,NR,NR,NC,NR,NC,NR,NC,94.8,94.2,93,12.7,NA
12536,Newbridge Math & Reading Preparatory Academy,12536,Newbridge Math & Reading Preparatory Academy,Franklin,Region 11,3850 Sullivant Ave,"Columbus, OH, 43228-4327",(614) 279-6000,Lynn G. Hursey,182,F,F,NC,0,F,37.8,F,0,F,-4.6,D,F,-3.3,NR,NC,NR,NC,D,-2,F,-3.5,NR,NR,NC,NR,NC,NR,NC,93.5,95.9,95,15.4,NA
12541,University of Cleveland Preparatory School,12541,University of Cleveland Preparatory School,Cuyahoga,Region 3,1906 E 40th St,"Cleveland, OH, 44103-3557",(216) 361-9720,Kenan J. Bishop,368,F,F,NC,0,F,46.4,F,0,F,4.3,D,F,-2.1,NR,NC,NR,NC,C,0.3,F,-2.2,NR,NR,NC,NR,NC,NR,NC,89.8,90,90,43.1,NA
50401,Warren County ESC,12545,Imagine Woodbury Academy,Warren,Region 13,100 E Woodbury Dr,"Dayton, OH, 45415-2841",(937) 277-1710,Megan S. Kalb,125,F,F,NC,0,F,38.5,F,5,F,-22.2,A,A,3.4,NR,NC,B,1.6,A,3.2,A,3.7,NR,NR,NC,NR,NC,NR,NC,92.5,92.8,94,24.5,NA
12556,Pearl Academy,12556,Pearl Academy,Cuyahoga,Region 3,4850 Pearl Rd,"Cleveland, OH, 44109-5135",(216) 741-2991,Michael F. Jaissle,217,F,F,NC,0,F,46.5,F,13.6,D,27.7,A,A,6.9,NR,NC,NR,NC,A,4.8,NR,NC,NR,NR,NC,NR,NC,NR,NC,93,88.3,90,22.2,NA
12558,Global Village Academy,12558,Global Village Academy,Cuyahoga,Region 3,5720 State Rd,"Parma, OH, 44134-2564",(216) 767-5956,Anna P. Holowatyj,153,C,F,NC,45.5,C,78.7,F,50,B,66.7,D,D,-1,NR,NC,NR,NC,NR,NC,NR,NC,NR,NR,NC,NR,NC,NR,NC,95.3,95.6,94,6.9,NA
12626,OAK Leadership Institute,12626,OAK Leadership Institute,Cuyahoga,Region 3,8610 Hough Ave,"Cleveland, OH, 44106-1566",(216) 229-7178,NA,89,F,F,NC,0,F,38.6,F,0,F,24.1,D,D,-1.2,NR,NC,NR,NC,F,-2.1,NR,NC,NR,NR,NC,NR,NC,NR,NC,92.6,90.8,93,25.3,NA
12627,STEAM Academy of Akron,12627,STEAM Academy of Akron,Summit,Region 8,1350 Virginia Ave,"Akron, OH, 44306-3603",(330) 773-1100,Nova D. O'Callaghan,134,F,F,NC,0,F,49.9,F,0,F,5.9,D,F,-2.1,NR,NC,NR,NC,C,0,F,-2.7,NR,NR,NC,NR,NC,NR,NC,91.2,91.1,91,27.3,NA
12628,Imagine Integrity Academy,12628,Imagine Integrity Academy,Franklin,Region 11,1565 Integrity Dr E,"Columbus, OH, 43209-2707",(614) 464-1500,Megan S. Kalb,81,F,F,NC,0,F,47,NR,NC,D,27.6,C,C,0.8,NR,NC,NR,NC,D,-1.4,NR,NC,NR,NR,NC,NR,NC,NR,NC,89.9,90.3,90,37.7,NA
12629,Great Expectations Elementary School,12629,Great Expectations Elementary School,Lucas,Region 1,20 Arco Dr,"Toledo, OH, 43607-2901",(419) 490-6252,Anthony Hubbard,159,F,F,NC,0,F,48.4,F,1.7,F,-30.8,C,C,0.2,NR,NC,NR,NC,D,-1.4,NR,NC,NR,NR,NC,NR,NC,NR,NC,92.6,92.4,92,22.2,NA
12631,Impact Academy Cincinnati,12631,Impact Academy Cincinnati,Hamilton,Region 13,3060 Durrell Ave,"Cincinnati, OH, 45207-1716",NA,Genesis N. Henderson,127,F,F,NC,0,F,45.9,F,6.9,F,-76.2,A,A,2.4,NR,NC,NR,NC,B,1.5,NR,NC,NR,NR,NC,NR,NC,NR,NC,90.8,91.1,90,36.5,NA
12644,STEAM Academy of Warren,12644,STEAM Academy of Warren,Trumbull,Region 5,261 Elm Rd NE,"Warren, OH, 44483-5003",(330) 394-3200,Jonathan A. Natko,230,F,F,NC,0,F,42.6,F,0,F,-2.2,F,F,-7.9,NR,NC,NR,NC,F,-5.5,F,-6.1,NR,NR,NC,NR,NC,NR,NC,92.2,92.9,91,28.8,NA
12668,Garfield Academy,12668,Garfield Academy,Stark,Region 9,1379 Garfield Ave SW,"Canton, OH, 44706-5200",(330) 454-3128,Benjamin M. Effinger,220,F,F,NC,0,F,33.8,F,0,F,3.2,B,B,1.1,NR,NC,C,0.9,C,0.7,NR,NC,NR,NR,NC,NR,NC,NR,NC,91.8,91.4,91,33.2,NA
12671,Constellation Schools: Eastside Arts Academy,12671,Constellation Schools: Eastside Arts Academy,Cuyahoga,Region 3,6700 Lansing Ave,"Cleveland, OH, 44105-3756",(216) 441-9830,Katherine A. Rybak,135,F,F,NC,0,F,43.6,F,0,F,11.5,C,D,-2,NR,NC,C,-0.7,C,0.2,F,-2.6,NR,NR,NC,NR,NC,NR,NC,92.3,92.3,91,30.2,NA
12684,Broadway Academy,12684,Broadway Academy,Cuyahoga,Region 3,3398 E 55th St,"Cleveland, OH, 44127-1691",(216) 271-7747,Kevin P. James,322,F,F,NC,0,F,37.2,F,6.2,F,16.3,A,A,5.2,NR,NC,A,3.4,A,3.6,NR,NC,NR,NR,NC,NR,NC,NR,NC,88.1,86.1,87,52.8,NA
43786,Cleveland Municipal City,12852,Citizens Academy East,Cuyahoga,Region 3,12523 Woodside Ave,"Cleveland, OH, 44108-2422",NA,Gjergj G. Haxhiu,378,D,F,NC,12.5,D,65.9,F,0,F,-10,D,F,-4.3,NR,NC,D,-1.8,F,-2.8,NR,NC,NR,NR,NC,NR,NC,NR,NC,93.9,94.7,94,17.5,NA
43844,Dayton City,12924,DECA PREP,Montgomery,Region 10,200 Homewood Ave,"Dayton, OH, 45405-4328",(937) 610-0110,Megan M. McLemore,546,D,F,NC,9.1,D,56.8,F,0,F,-30.9,D,F,-5.9,NR,NC,NR,NC,D,-1.6,NR,NC,NR,NR,NC,NR,NC,NR,NC,96.6,95.4,96,4.8,NA
12951,Columbus Collegiate Academy - West,12951,Columbus Collegiate Academy - West,Franklin,Region 11,300 Dana Ave,"Columbus, OH, 43223-1310",(614) 545-9570,Nathan G. Parker,218,D,F,NC,0,D,56.4,F,0,NR,NC,B,B,1.2,NR,NC,C,-0.7,A,2.8,F,-2.8,NR,NR,NC,NR,NC,NR,NC,91.4,91.9,93,29.6,NA
13030,Graham Primary School,13030,Graham Primary School,Franklin,Region 11,3950 Indianola Ave,"Columbus, OH, 43214-3167",(614) 253-4001,Gregory C. Brown,218,D,F,NC,0,D,55.2,F,3.2,F,-100,D,F,-3,NR,NC,NR,NC,C,0.4,NR,NC,NR,NR,NC,NR,NC,NR,NC,93.9,93.6,93,17.5,NA
43786,Cleveland Municipal City,13034,Village Preparatory School:: Woodland Hills Campus,Cuyahoga,Region 3,9201 Crane Ave,"Cleveland, OH, 44105-1627",(216) 298-1164,Christopher J. O'Brien,391,F,F,NC,0,D,53.7,F,45.3,F,23.4,B,C,0.6,NR,NC,A,2.2,C,0.7,NR,NC,NR,NR,NC,NR,NC,NR,NC,93.5,94.2,93,22.8,NA
13082,The Haley School,13082,The Haley School,Cuyahoga,Region 3,4901 Galaxy Pkwy Ste A,"Warrensville Heights, OH, 44128-5948",(216) 591-9190,NA,194,F,F,NC,0,D,50.2,F,0,D,34.4,F,F,-4.5,NR,NC,NR,NC,F,-3.6,NR,NC,NR,NR,NC,NR,NC,NR,NC,92.8,91.3,94,21.4,NA
13132,Lake Erie College Preparatory School,13132,Lake Erie College Preparatory School,Cuyahoga,Region 3,14405 Saint Clair Ave,"Cleveland, OH, 44110-3433",(216) 453-4556,Samuel A. Lockhart Jr,290,F,F,NC,0,F,38.5,F,0,D,32.6,D,F,-4.7,NR,NC,B,1.3,F,-2.3,F,-4.3,NR,NR,NC,NR,NC,NR,NC,90.1,90,89,38,NA
13146,STEAM Academy of Dayton,13146,STEAM Academy of Dayton,Montgomery,Region 10,545 Odlin Ave,"Dayton, OH, 45405-2743",(937) 262-7063,Debra A. Johnson,210,F,F,NC,0,F,39.2,F,0,F,-92.9,D,F,-3,NR,NC,B,1.4,D,-1.3,F,-2.3,NR,NR,NC,NR,NC,NR,NC,90.4,89.7,91,33,NA
13147,STEAM Academy of Warrensville Heights,13147,STEAM Academy of Warrensville Heights,Cuyahoga,Region 3,4700 Richmond Rd Ste 3000,"Warrensville Heights, OH, 44128-5984",(216) 595-2866,Gary D. Lane,168,F,F,NC,0,F,47.2,F,0,F,14.3,B,C,0.3,NR,NC,NR,NC,B,1.1,D,-1.4,NR,NR,NC,NR,NC,NR,NC,94.3,94,92,15.1,NA
43786,Cleveland Municipal City,13148,Stepstone Academy,Cuyahoga,Region 3,2121 E 32nd St,"Cleveland, OH, 44115-2747",NA,NA,295,F,F,NC,0,F,43,F,0,F,0,F,F,-4.4,NR,NC,NR,NC,F,-2.4,F,-5.3,NR,NR,NC,NR,NC,NR,NC,93.6,92.2,0,23.4,NA
13170,Hope Academy for Autism,13170,Hope Academy for Autism,Trumbull,Region 5,1628 Niles Rd SE,"Warren, OH, 44484-5111",(330) 469-9501,NA,57,F,NR,NC,NC,F,47.5,NR,NC,F,0,NR,NR,NC,NR,NC,NR,NC,NR,NC,NR,NC,NR,NR,NC,NR,NC,NR,NC,89.7,87.5,87,34.7,NA
13173,Imagine Hill Avenue,13173,Imagine Hill Avenue,Lucas,Region 1,6145 Hill Ave,"Toledo, OH, 43615-5600",(419) 867-8167,Sarah A. Carstensen,191,D,F,NC,12.5,D,56.3,F,45.6,F,-78.6,D,D,-1.5,NR,NC,NR,NC,F,-2.7,NR,NC,NR,NR,NC,NR,NC,NR,NC,93.1,93.9,93,23.1,NA
13175,SunBridge Schools,13175,SunBridge Schools,Lucas,Region 1,2105 N McCord Rd,"Toledo, OH, 43615-3032",(419) 725-5437,NA,285,F,F,NC,0,F,43.1,F,0,F,-75.8,B,C,0.1,NR,NC,A,2.1,C,0.3,NR,NC,NR,NR,NC,NR,NC,NR,NC,91.7,90.3,91,32.7,NA
123257,North Central Ohio ESC,13195,Academy of Educational Excellence,Seneca,Region 1,728 Parkside Blvd,"Toledo, OH, 43607",NA,Israel Irizarry,71,F,F,NC,0,F,38.3,F,0,F,-113,B,B,1.3,NR,NC,NR,NC,NR,NC,NR,NC,NR,NR,NC,NR,NC,NR,NC,93.4,93.9,93,28.6,NA
13198,Brookwood Academy,13198,Brookwood Academy,Franklin,Region 11,2685 E Livingston Ave,"Columbus, OH, 43209-2961",(614) 231-1199,NA,107,F,F,NC,0,F,34.1,NR,NC,NR,NC,D,F,-2.6,NR,NC,F,-2.6,D,-1.4,NR,NC,F,F,66.7,D,80,F,0,83.7,81.9,85,54.3,NA
13199,Nexus Academy of Cleveland,13199,Nexus Academy of Cleveland,Cuyahoga,Region 3,3615 Superior Ave E,"Cleveland, OH, 44114-4138",NA,NA,176,D,F,NC,25,D,53.5,F,0,NR,NC,C,C,-0.9,NR,NC,NR,NC,C,0.5,C,-0.2,F,F,52.6,F,70,F,1.7,87.6,87,82,39.1,NA
13200,Nexus Academy of Toledo,13200,Nexus Academy of Toledo,Lucas,Region 1,600 Jefferson Ave,"Toledo, OH, 43604-1071",(419) 244-8875,NA,121,D,F,NC,25,D,55.9,NR,NC,NR,NC,C,C,-0.2,NR,NC,NR,NC,NR,NC,C,-0.4,F,F,40.7,F,41.7,F,0,91.9,90.9,86,33.3,NA
13201,Nexus Academy of Columbus,13201,Nexus Academy of Columbus,Franklin,Region 11,4689 Hilton Corporate Dr,"Columbus, OH, 43232-4152",(614) 866-4761,Patrick R. Hickman,143,F,F,NC,33.3,F,48.1,NR,NC,NR,NC,D,F,-2.3,NR,NC,NR,NC,D,-1.2,C,0.3,F,F,35,F,50,F,9.4,85.6,85.8,90,46.2,NA
13232,A+ Children's Academy,13232,A+ Children's Academy,Franklin,Region 11,114 Obetz Rd,"Columbus, OH, 43207-4031",(614) 491-8502,Alexandria C. Uhlir,130,F,F,NC,0,D,52.6,F,0,NR,NC,C,D,-1.7,NR,NC,NR,NC,A,2.4,D,-1.5,NR,NR,NC,NR,NC,NR,NC,94.5,95,93,11.5,NA
13240,Cincinnati State STEM Academy,13240,Cincinnati State STEM Academy,Hamilton,Region 13,3520 Central Pkwy Ste 143 Mezz,"Cincinnati, OH, 45223-2612",(513) 569-1820,Yzvetta L. Macon,130,C,A,NC,100,D,65.4,F,24.9,NR,NC,NR,NR,NC,NR,NC,NR,NC,NR,NC,NR,NC,F,F,53.1,F,59,F,1.4,90.8,91.5,89,44.4,NA
13253,Ohio College Preparatory School,13253,Ohio College Preparatory School,Cuyahoga,Region 3,21100 Southgate Park Blvd,"Maple Heights, OH, 44137-3004",(216) 453-4550,Robert Williams,266,F,F,NC,0,F,43.3,F,0,F,14.3,F,F,-5.4,NR,NC,F,-2.9,F,-4.3,F,-3.7,NR,NR,NC,NR,NC,NR,NC,90.6,90.5,92,32.2,NA
13254,Akron Preparatory School,13254,Akron Preparatory School,Summit,Region 8,1200 E Market St Ste 3360,"Akron, OH, 44305-4018",(330) 247-6232,Zack Kantouros,263,D,F,NC,6.3,D,55.9,F,0,D,36.4,B,B,1.1,NR,NC,NR,NC,C,0.4,C,-0.7,NR,NR,NC,NR,NC,NR,NC,92.4,92,89,28.2,NA
13255,Canton College Preparatory School,13255,Canton College Preparatory School,Stark,Region 9,101 Cleveland Ave NW,"Canton, OH, 44702-1707",(330) 455-0498,Darryl M. Lindsay,217,F,F,NC,0,D,51.6,F,0,D,36.8,A,A,2.2,NR,NC,NR,NC,A,2.3,B,1.5,NR,NR,NC,NR,NC,NR,NC,92.4,92.4,92,25.8,NA
13864,Cincinnati Technology Academy,13864,Cincinnati Technology Academy,Hamilton,Region 13,3800 Glenway Ave,"Cincinnati, OH, 45205-1436",(513) 471-7323,NA,194,F,F,NC,0,F,41.9,F,6,D,39.1,B,B,1.5,NR,NC,NR,NC,C,0.1,A,2.1,NR,NR,NC,NR,NC,NR,NC,84.1,87.9,94,68.6,NA
13892,Franklinton Preparatory Academy,13892,Franklinton Preparatory Academy,Franklin,Region 11,40 Chicago Ave,"Columbus, OH, 43222-1132",(614) 636-3721,Martin S. Griffith,128,F,F,NC,0,F,46.5,NR,NC,NR,NC,C,C,0.7,NR,NC,NR,NC,C,0.6,C,0,F,F,28.6,F,10,F,0,77,88,89,73.6,NA
13967,Cincinnati Learning Schools,13967,Cincinnati Learning Schools,Hamilton,Region 13,5641 Belmont Ave,"Cincinnati, OH, 45224-3101",(513) 783-1025,NA,211,F,F,NC,5.9,F,36.8,F,0,NR,NC,D,F,-5.2,NR,NC,C,-0.8,F,-2.3,F,-3.8,NR,NR,NC,NR,NC,NR,NC,86,94.8,90,51.3,NA
123257,North Central Ohio ESC,13994,"Albert Einstein Academy for Letters, Arts and Sciences-Ohio",Seneca,Region 1,3550 Crocker Rd,"Westlake, OH, 44145-6314",NA,NA,225,D,F,NC,40,D,66.8,F,0,NR,NC,D,F,-3.6,NR,NC,NR,NC,C,0.8,F,-2.1,NR,NR,NC,NR,NC,D,20.9,91.4,90.9,91,31,NA
123257,North Central Ohio ESC,13999,Rise & Shine Academy,Seneca,Region 1,3248 Warsaw St,"Toledo, OH, 43608-1852",(419) 244-9900,Tashlai McKinstry,57,F,NR,NC,NC,F,47.8,NR,NC,NR,NC,NR,NR,NC,NR,NC,NR,NC,NR,NC,NR,NC,NR,NR,NC,NR,NC,NR,NC,89.3,91.3,91,39.5,NA
14061,Chapelside Cleveland Academy,14061,Chapelside Cleveland Academy,Cuyahoga,Region 3,3845 E 131st St,"Cleveland, OH, 44120-4661",(216) 283-6589,Tim Spencer,313,F,F,NC,0,F,40.4,F,0.3,F,3.3,C,D,-1.4,NR,NC,B,1.3,D,-1.2,NR,NC,NR,NR,NC,NR,NC,NR,NC,92.4,92.1,94,26.4,NA
14063,University Academy,14063,University Academy,Summit,Region 8,107 S Arlington St,"Akron, OH, 44306-1328",(330) 535-7728,Willie Banks,171,F,F,NC,0,F,37.6,F,3.2,D,40.9,A,A,2.7,NR,NC,NR,NC,A,4.1,A,4.7,NR,NR,NC,NR,NC,NR,NC,89.5,89,89,43.2,NA
14064,Winton Preparatory Academy,14064,Winton Preparatory Academy,Hamilton,Region 13,4750 Winton Rd,"Cincinnati, OH, 45232-1501",(513) 276-4166,Caroline A. Hill,321,F,F,NC,0,F,44.1,F,0,F,14,F,F,-6.1,NR,NC,NR,NC,F,-4,NR,NC,NR,NR,NC,NR,NC,NR,NC,91.2,90.7,92,33.2,NA
14065,Lincoln Park Academy,14065,Lincoln Park Academy,Cuyahoga,Region 3,3185 W 41st St,"Cleveland, OH, 44109-1275",(216) 263-7008,Alissa M. Clugh,210,F,F,NC,0,F,36.6,F,0.1,F,12.5,B,C,0.3,NR,NC,B,1.6,C,0.3,B,1.4,NR,NR,NC,NR,NC,NR,NC,93.9,93.2,88,17.3,NA
14066,Main Street Preparatory Academy,14066,Main Street Preparatory Academy,Summit,Region 8,388 S Main St,"Akron, OH, 44311-1064",(234) 738-1925,Nikita M. Tidwell,165,F,F,NC,0,F,44.5,F,0,F,16.7,B,C,0.7,NR,NC,NR,NC,A,2.5,NR,NC,NR,NR,NC,NR,NC,NR,NC,90.9,89.9,90,41,NA
14081,Insight School of Ohio,14081,Insight School of Ohio,Franklin,Region 11,2760 Airport Dr Ste 125,"Columbus, OH, 43219-2284",(614) 300-2766,NA,1209,F,F,NC,5,F,46.8,F,4.7,NR,NC,F,F,-13.6,NR,NC,F,-5.1,F,-6,F,-9.7,F,F,22.9,F,14.9,F,0.3,94.7,93,95,14.6,NA
123257,North Central Ohio ESC,14090,Berwyn East Academy,Seneca,Region 1,1850 Bostwick Rd,"Columbus, OH, 43227-3374",(614) 564-9548,NA,171,F,F,NC,0,F,47.2,F,0,NR,NC,F,F,-3.9,NR,NC,NR,NC,F,-2.7,NR,NC,NR,NR,NC,NR,NC,NR,NC,90.9,93,92,31.4,NA
123257,North Central Ohio ESC,14091,Hope Learning Academy of Toledo,Seneca,Region 1,4234 Monroe St,"Toledo, OH, 43606-1938",NA,Justin P. Bryson,63,F,NR,NC,NC,F,42.5,F,0,NR,NC,B,B,1.3,NR,NC,NR,NC,NR,NC,NR,NC,NR,NR,NC,NR,NC,NR,NC,91.6,93.3,96,35,NA
47910,Lawrence County ESC,14094,Lawrence County Academy,Lawrence,Region 15,11627 State Route 243,"Chesapeake, OH, 45619-7962",(740) 867-6641,NA,82,F,F,NC,0,F,40.2,F,0,NR,NC,D,D,-1.6,NR,NC,NR,NC,NR,NC,NR,NC,F,F,30,F,33.3,F,0,96.2,98.3,97,2.1,NA
123257,North Central Ohio ESC,14121,Imagine Leadership Academy,Seneca,Region 1,2405 Romig Rd,"Akron, OH, 44320-3826",(330) 753-1000,Audrea M. Pettaway,197,F,F,NC,0,F,48.3,F,0,NR,NC,C,D,-1.3,NR,NC,A,2.8,C,-0.5,C,-0.6,NR,NR,NC,NR,NC,NR,NC,93.5,93.3,93,21.6,NA
123257,North Central Ohio ESC,14139,Imagine Columbus Primary School,Seneca,Region 1,4656 Heaton Rd,"Columbus, OH, 43229-6612",(614) 433-7510,Patty K. Miller,214,F,F,NC,0,F,49.2,F,3.9,F,6.7,C,C,0.1,NR,NC,NR,NC,C,-0.1,NR,NC,NR,NR,NC,NR,NC,NR,NC,91.2,91.2,89,34.4,NA
14147,East Preparatory Academy,14147,East Preparatory Academy,Cuyahoga,Region 3,4129 Superior Ave,"Cleveland, OH, 44103-1129",(216) 539-0595,Gretchen J. Beasley,189,F,F,NC,0,F,46.3,F,8.1,F,10.9,B,C,0.4,NR,NC,NR,NC,B,1.1,NR,NC,NR,NR,NC,NR,NC,NR,NC,92.9,92.9,91,21.7,NA
14148,Provost Academy Ohio,14148,Provost Academy Ohio,Franklin,Region 11,1335 Dublin Rd Ste 50A,"Columbus, OH, 43215-7037",(614) 866-7570,NA,124,F,F,NC,0,NR,NC,F,5.8,NR,NC,NR,NR,NC,NR,NC,NR,NC,NR,NC,NR,NC,F,F,15.6,F,10.6,F,0,54.3,65.1,65,94.6,NA
14149,Dayton SMART Elementary School,14149,Dayton SMART Elementary School,Montgomery,Region 10,601 S Keowee St,"Dayton, OH, 45410-1168",(937) 222-2812,Marvis Meeks,94,F,F,NC,0,F,47.9,NR,NC,B,75,D,F,-2.3,NR,NC,NR,NC,D,-2,D,-1.8,NR,NR,NC,NR,NC,NR,NC,91.7,92.3,91,32.8,NA
14187,East Academy,14187,East Academy,Cuyahoga,Region 3,15720 Kipling Ave,"Cleveland, OH, 44110-3105",(216) 383-1214,Nehemiah Thomas Jr,236,F,F,NC,18.8,F,47.5,F,12.6,F,0,A,A,8,NR,NC,A,2.1,A,2.5,NR,NC,NR,NR,NC,NR,NC,NR,NC,91.6,88.1,91,32.6,NA
14188,Discovery Academy,14188,Discovery Academy,Lucas,Region 1,3835 Secor Rd,"Toledo, OH, 43623-4402",(419) 214-3266,Noah C. Campbell,252,F,F,NC,0,F,46.5,F,3,D,27.8,F,F,-3.4,NR,NC,NR,NC,F,-2.1,NR,NC,NR,NR,NC,NR,NC,NR,NC,92.3,92,92,24.8,NA
14189,West Park Academy,14189,West Park Academy,Cuyahoga,Region 3,12913 Bennington Ave,"Cleveland, OH, 44135-3761",(216) 251-5450,Michael F. Jaissle,209,F,F,NC,0,F,39,F,0.2,F,16.7,C,C,-0.5,NR,NC,NR,NC,C,0.5,C,-0.4,NR,NR,NC,NR,NC,NR,NC,89.9,88.6,90,46.1,NA
14194,Watkins Academy,14194,Watkins Academy,Montgomery,Region 10,4401 Dayton Liberty Rd,"Dayton, OH, 45417-5903",(937) 220-9100,Bobbie S. Tyree,104,F,F,NC,0,F,38.4,F,0,F,-33.3,C,C,-0.4,NR,NC,NR,NC,NR,NC,NR,NC,NR,NR,NC,NR,NC,NR,NC,89.4,88.3,87,41.8,NA
14467,United Preparatory Academy,14467,United Preparatory Academy,Franklin,Region 11,300 Dana Ave,"Columbus, OH, 43223-1310",NA,Ben R. Pacht,148,NR,NR,NC,NC,NR,NC,NR,NC,D,33.3,NR,NR,NC,NR,NC,NR,NC,NR,NC,NR,NC,NR,NR,NC,NR,NC,NR,NC,94.5,93.1,NC,15.2,NA
14633,City Prep Academy,14633,City Prep Academy,Franklin,Region 11,2800 S Hamilton Rd,"Columbus, OH, 43232-4961",(614) 322-7970,NA,72,F,F,NC,0,F,28.5,NR,NC,NR,NC,D,F,-2.6,NR,NC,NR,NC,C,-0.4,C,-0.5,NR,NR,NC,NR,NC,NR,NC,88.9,NC,NC,53.3,NA
14825,Buckeye Preparatory Academy,14825,Buckeye Preparatory Academy,Franklin,Region 11,1414 Gault St,"Columbus, OH, 43205-2933",(614) 300-7083,Jul'Yanna M. Collier,180,F,F,NC,0,F,36.1,F,0,F,-20,F,F,-3.5,NR,NC,NR,NC,F,-2.9,F,-2.6,NR,NR,NC,NR,NC,NR,NC,86.9,88.5,NC,50.7,NA
47779,Jefferson County ESC,14830,Utica Shale Academy of Ohio,Jefferson,Region 12,38095 State Route 39,"Salineville, OH, 43945-9726",(740) 283-3347,NA,67,F,F,NC,11.1,F,42.9,NR,NC,NR,NC,F,F,-3.2,NR,NC,NR,NC,NR,NC,NR,NC,NR,NR,NC,NR,NC,F,0,88.1,97.4,NC,44.2,NA
14858,REACH Academy,14858,REACH Academy,Lucas,Region 1,2014 Consaul St,"Toledo, OH, 43605-1412",(419) 691-4876,NA,250,F,F,NC,0,F,41.5,F,0,F,5.6,F,F,-2.9,NR,NC,F,-3.2,F,-2,NR,NC,NR,NR,NC,NR,NC,NR,NC,87.5,90.5,NC,48.3,NA
14864,Toledo SMART Elementary School,14864,Toledo SMART Elementary School,Lucas,Region 1,1850 Airport Hwy,"Toledo, OH, 43609-2069",(419) 214-3290,Jessica Molina,83,F,F,NC,0,F,25,NR,NC,F,0,NR,NR,NC,NR,NC,NR,NC,NR,NC,NR,NC,NR,NR,NC,NR,NC,NR,NC,94.2,92.3,NC,12.1,NA
14904,T2 Honors Academy,14904,T2 Honors Academy,Cuyahoga,Region 3,18450 S Miles Rd,"Warrensville Heights, OH, 44128-4236",(216) 510-5458,NA,96,F,F,NC,6.7,F,42.4,F,0,NR,NC,C,D,-1.1,NR,NC,NR,NC,C,-0.9,C,-0.7,NR,NR,NC,NR,NC,NR,NC,90.9,89.9,NC,32.3,NA
44578,Norwood City,14912,Norwood Conversion Community School,Hamilton,Region 13,2132 Williams Ave,"Norwood, OH, 45212-3806",(513) 924-2702,NA,29,NR,NR,NC,NC,NR,NC,NR,NC,NR,NC,NR,NR,NC,NR,NC,NR,NC,NR,NC,NR,NC,NR,NR,NC,NR,NC,NR,NC,82.5,91.6,NC,58.3,NA
43786,Cleveland Municipal City,14913,Lakeshore Intergenerational School,Cuyahoga,Region 3,18025 Marcella Rd,"Cleveland, OH, 44119-2615",(216) 586-3872,Robin A. Bartley,146,D,F,NC,0,D,66.3,NR,NC,NR,NC,NR,NR,NC,NR,NC,NR,NC,NR,NC,NR,NC,NR,NR,NC,NR,NC,NR,NC,96,93.8,NC,7.9,NA
14927,Steel Academy,14927,Steel Academy,Summit,Region 8,1570 Creighton Ave,"Akron, OH, 44310-2656",(330) 687-0834,NA,132,NR,NR,NC,NC,NR,NC,NR,NC,NR,NC,NR,NR,NC,NR,NC,NR,NC,NR,NC,NR,NC,NR,NR,NC,NR,NC,NR,NC,NC,93.9,NC,NC,NA
14932,Cincinnati Generation Academy,14932,Cincinnati Generation Academy,Hamilton,Region 13,"455 Sherman St., Suite 120","Denver, CO, 80203",(513) 389-0968,Danielle M. Bateman,127,F,F,NC,0,F,34.9,F,0,F,-90,D,F,-3.4,NR,NC,NR,NC,C,-0.6,NR,NC,NR,NR,NC,NR,NC,NR,NC,90.6,92.5,NC,36.9,NA
15234,Zenith Academy West,15234,Zenith Academy West,Franklin,Region 11,3385 South Blvd,"Columbus, OH, 43204-1213",(614) 272-6300,Tina M. Bennett,184,F,F,NC,0,F,45.2,F,0,NR,NC,D,D,-1.7,NR,NC,NR,NC,D,-1.6,NR,NC,NR,NR,NC,NR,NC,NR,NC,97.6,NC,NC,5,NA
15236,Clark Preparatory Academy,15236,Clark Preparatory Academy,Clark,Region 10,501 S Wittenberg Ave,"Springfield, OH, 45506-2101",(937) 504-1175,Tracy L. Carter,146,F,F,NC,0,F,40,NR,NC,NR,NC,NR,NR,NC,NR,NC,NR,NC,NR,NC,NR,NC,NR,NR,NC,NR,NC,NR,NC,90.7,NC,NC,35.2,NA
43786,Cleveland Municipal City,15239,Stonebrook Montessori,Cuyahoga,Region 3,975 East Blvd,"Cleveland, OH, 44108-2970",NA,Jacqueline E. Miller,92,NR,NR,NC,NC,NR,NC,NR,NC,NR,NC,NR,NR,NC,NR,NC,NR,NC,NR,NC,NR,NC,NR,NR,NC,NR,NC,NR,NC,91.5,NC,NC,28.6,NA
45203,Barnesville Exempted Village,15240,Utica Shale Academy-Belmont,Belmont,Region 12,210 W Church St,"Barnesville, OH, 43713-1069",(740) 425-3615,NA,30,F,F,NC,0,F,42.1,NR,NC,NR,NC,D,D,-1.4,NR,NC,NR,NC,NR,NC,NR,NC,NR,NR,NC,NR,NC,NR,NC,96.3,NC,NC,0,NA
47787,Buckeye Local,15241,Ohio Valley Energy Technology Academy,Jefferson,Region 12,10692 State Route 150,"Rayland, OH, 43943-7847",(740) 769-7395,NA,54,F,F,NC,0,F,40.5,NR,NC,NR,NC,F,F,-3.1,NR,NC,NR,NC,NR,NC,NR,NC,NR,NR,NC,NR,NC,NR,NC,80.1,NC,NC,72.5,NA
43786,Cleveland Municipal City,15261,Citizens Academy Southeast,Cuyahoga,Region 3,17900 Harvard Ave,"Cleveland, OH, 44128-1736",(216) 791-4195,Lachelle M. Dixon,170,NR,NR,NC,NC,NR,NC,NR,NC,NR,NC,NR,NR,NC,NR,NC,NR,NC,NR,NC,NR,NC,NR,NR,NC,NR,NC,NR,NC,93.8,NC,NC,18.1,NA
132746,Summit Acdy Comm Schl for Alternative Learners of Middletown,132746,Summit Acdy Comm Schl for Alternative Learners of Middletown,Butler,Region 13,4700 Central Ave,"Middletown, OH, 45044-5354",(513) 422-8540,Megan N. Bockelman,89,F,F,NC,0,F,49.3,F,3.1,F,-11.1,C,C,-0.8,NR,NC,C,-0.7,C,-0.5,NR,NC,NR,NR,NC,NR,NC,NR,NC,91.9,93.1,94,27.7,NA
132761,Summit Academy Community School Alternative Learners -Xenia,132761,Summit Academy Community School Alternative Learners -Xenia,Greene,Region 10,1694 Pawnee Dr,"Xenia, OH, 45385-4126",(937) 372-5210,Cassy M. Stidham,162,F,F,NC,0,F,46.4,F,1.4,F,-20,B,B,1.5,NR,NC,B,1.5,B,1.2,NR,NC,NR,NR,NC,NR,NC,NR,NC,91.5,92.5,93,28.9,NA
132779,Summit Academy Akron Middle School,132779,Summit Academy Akron Middle School,Summit,Region 8,464 S Hawkins Ave Ste 100,"Akron, OH, 44320-1228",(330) 252-1510,Crystal J. Phillips,43,F,F,NC,0,F,47.6,F,0.9,NR,NC,D,D,-1.4,NR,NC,D,-1.2,D,-1.6,NR,NC,NR,NR,NC,NR,NC,NR,NC,92.1,91.5,92,28.9,NA
132944,Miami Valley Academies,132944,Miami Valley Academies,Montgomery,Region 10,5656 Springboro Pike,"Dayton, OH, 45449-2806",(937) 294-4522,NA,171,F,F,NC,0,F,47,F,1.7,D,26.7,B,A,2.7,NR,NC,NR,NC,C,0.9,B,1.9,F,NR,NC,F,70,F,0,85.7,86.7,88,50.3,NA
132951,Constellation Schools: Lorain Community Elementary,132951,Constellation Schools: Lorain Community Elementary,Lorain,Region 2,5983 W 54th St,"Parma, OH, 44129-3854",(440) 204-2130,Melisa R. Shady,215,D,F,NC,20,D,69.1,F,50,F,22.2,D,F,-2.1,NR,NC,C,0,C,0.3,NR,NC,NR,NR,NC,NR,NC,NR,NC,94.3,94.3,94,13,NA
132969,Constellation Schools: Elyria Community,132969,Constellation Schools: Elyria Community,Lorain,Region 2,300 N Abbe Rd,"Elyria, OH, 44035-3715",(440) 366-5225,Eric J. Fortuna,522,D,F,NC,12.5,C,70.6,F,37.4,D,31.6,A,A,7,NR,NC,A,2.7,A,3.1,NR,NC,NR,NR,NC,NR,NC,NR,NC,95.4,95.3,95,9.8,NA
132993,Constellation Schools: Westpark Community Elementary,132993,Constellation Schools: Westpark Community Elementary,Cuyahoga,Region 3,16210 Lorain Ave,"Cleveland, OH, 44111-5521",(216) 688-0271,Sheila M. Delzani,321,C,D,NC,60,B,80,F,50,C,47.8,A,A,3.7,NR,NC,NR,NC,NR,NC,NR,NC,NR,NR,NC,NR,NC,NR,NC,94.1,95.1,95,15.4,NA
43786,Cleveland Municipal City,133215,"Intergenerational School, The",Cuyahoga,Region 3,11327 Shaker Blvd Ste 200 E.,"Cleveland, OH, 44104-3805",(216) 721-0120,Silvia Kruger,250,D,F,NC,6.3,D,64.3,F,0,NR,NC,C,C,-0.9,NR,NC,NR,NC,C,0.7,NR,NC,NR,NR,NC,NR,NC,NR,NC,96.7,96.5,96,4,NA
133256,Constellation Schools: Parma Community,133256,Constellation Schools: Parma Community,Cuyahoga,Region 3,7667 Day Dr Fl 1ST,"Parma, OH, 44129-5603",(440) 888-5490,Linda M. Geyer,1271,D,F,NC,35.7,D,68.8,F,33.3,C,58.5,B,A,4.5,NR,NC,C,0.9,B,1.8,NR,NC,B,B,90.7,A,95.3,D,20.9,94.2,94.5,95,14.8,NA
133280,Washington Park Community School,133280,Washington Park Community School,Cuyahoga,Region 3,4000 Washington Park Blvd,"Newburgh Heights, OH, 44105-3248",(216) 271-6055,NA,209,F,F,NC,0,D,51.9,F,0,F,7.7,B,B,1.2,NR,NC,NR,NC,B,1.2,NR,NC,NR,NR,NC,NR,NC,NR,NC,92,92.8,93,24.4,NA
133306,Summit Academy Community School for Alternative Learn-Canton,133306,Summit Academy Community School for Alternative Learn-Canton,Stark,Region 9,1620 Market Ave S,"Canton, OH, 44707-3778",(330) 458-0393,Robert E. Housel,154,F,F,NC,0,F,45.3,F,0.4,F,9.1,C,C,0,NR,NC,C,-0.3,C,-0.7,C,0.5,NR,NR,NC,NR,NC,NR,NC,91.9,92.2,93,31.2,NA
133322,Summit Academy Community School Alternative Learners-Lorain,133322,Summit Academy Community School Alternative Learners-Lorain,Lorain,Region 2,2140 E 36th St,"Lorain, OH, 44055-2756",(440) 277-4110,Albert J. Charpentier,136,F,F,NC,0,D,51.6,F,20,F,-2.2,B,A,2.4,NR,NC,A,2.4,C,0.5,NR,NC,NR,NR,NC,NR,NC,NR,NC,92.6,91.1,91,26,NA
133330,T.C.P. World Academy,133330,T.C.P. World Academy,Hamilton,Region 13,6000 Ridge Ave,"Cincinnati, OH, 45213-1624",(513) 531-9500,Karen Y. French,528,C,F,NC,27.3,C,76,F,37.5,D,30.7,D,F,-5.8,NR,NC,F,-3.8,C,-0.5,NR,NC,NR,NR,NC,NR,NC,NR,NC,96.1,95.7,95,6.4,NA
133348,Richard Allen Preparatory,133348,Richard Allen Preparatory,Montgomery,Region 10,627 Salem Ave,"Dayton, OH, 45406-5822",(937) 278-4201,Yolanda A. Clark,132,NR,NR,NC,NC,NR,NC,NR,NC,D,33.3,NR,NR,NC,NR,NC,NR,NC,NR,NC,NR,NC,NR,NR,NC,NR,NC,NR,NC,94.9,94.8,95,14.6,NA
133413,Electronic Classroom Of Tomorrow,133413,Electronic Classroom Of Tomorrow,Franklin,Region 11,3700 S High St Ste 95,"Columbus, OH, 43207-4083",(614) 492-8884,Cathy A. Blankenship,15407,F,F,NC,3.6,F,45,F,0,F,16.1,F,F,-24.3,NR,NC,F,-8.9,F,-10.6,F,-14.2,F,F,39.6,F,44.1,F,1,92.7,92,92,20.3,NA
133421,"Graham School, The",133421,"Graham School, The",Franklin,Region 11,3950 Indianola Ave,"Columbus, OH, 43214-3158",(614) 262-1111,Gregory C. Brown,261,D,F,NC,30.8,D,55.7,F,1.5,NR,NC,D,F,-2.5,NR,NC,D,-1.7,C,-0.1,NR,NC,F,F,59.3,F,78.9,F,5.6,91.4,91.1,90,30.7,NA
133439,Cornerstone Academy Community School,133439,Cornerstone Academy Community School,Franklin,Region 11,6015 E Walnut St,"Westerville, OH, 43081-9620",(614) 775-0615,Natalee M. Long,657,D,F,NC,31.3,C,72.9,F,38.7,NR,NC,B,A,3,NR,NC,NR,NC,C,0.9,NR,NC,NR,NR,NC,NR,NC,NR,NC,96.1,95.8,96,5.4,NA
133454,Dayton Leadership Academies-Dayton View Campus,133454,Dayton Leadership Academies-Dayton View Campus,Montgomery,Region 10,1416 W Riverview Ave,"Dayton, OH, 45402-6217",(937) 567-9426,NA,223,F,F,NC,0,F,39.3,F,0,NR,NC,F,F,-7.6,NR,NC,F,-4.4,F,-6.6,NR,NC,NR,NR,NC,NR,NC,NR,NC,97.4,97.7,94,6.7,NA
133504,Phoenix Community Learning Ctr,133504,Phoenix Community Learning Ctr,Hamilton,Region 13,3595 Washington Ave,"Cincinnati, OH, 45229-2609",(513) 351-5801,Elaine M. Wilson,388,D,F,NC,6.3,D,61.1,F,4.3,D,39.1,C,C,0.3,NR,NC,C,-0.5,C,-0.8,NR,NC,NR,NR,NC,NR,NC,NR,NC,99.1,98.7,99,0,NA
133512,Cincinnati College Preparatory Academy,133512,Cincinnati College Preparatory Academy,Hamilton,Region 13,1425 Linn St,"Cincinnati, OH, 45214-2605",(513) 684-0777,Guyton C. Mathews III,981,F,F,NC,20,D,50.4,F,33.3,F,-91.7,D,F,-9.3,NR,NC,D,-2,F,-4,NR,NC,C,B,89.4,F,75,F,1.6,93.8,93.9,93,16.9,NA
43786,Cleveland Municipal City,133520,Citizens Academy,Cuyahoga,Region 3,10118 Hampden Ave,"Cleveland, OH, 44108-3538",(216) 791-4195,Kimberly A. Peterlin,446,D,F,NC,0,D,62.9,F,0,F,-6.1,D,F,-2.8,NR,NC,C,-0.4,C,-0.8,NR,NC,NR,NR,NC,NR,NC,NR,NC,94.2,93.3,93,15.3,NA
133538,"Edge Academy, The",133538,"Edge Academy, The",Summit,Region 8,92 N Union St,"Akron, OH, 44304-1347",(330) 535-4581,Christina M. Burchfield,254,D,F,NC,0,D,55,F,0,NR,NC,D,F,-2.4,NR,NC,C,-0.3,F,-2.2,NR,NC,NR,NR,NC,NR,NC,NR,NC,93.7,94.2,95,20.2,NA
133561,Millennium Community School,133561,Millennium Community School,Franklin,Region 11,3500 Refugee Rd,"Columbus, OH, 43232-4862",(614) 255-5585,NA,564,F,F,NC,0,F,44.7,F,1.7,F,0,B,B,1.1,NR,NC,C,0.7,C,0.7,NR,NC,NR,NR,NC,NR,NC,NR,NC,94.1,92.9,93,16.6,NA
133587,Summit Academy Akron Elementary School,133587,Summit Academy Akron Elementary School,Summit,Region 8,2503 Leland Ave,"Akron, OH, 44312-2426",(330) 253-7441,Dawn R. Presley,142,D,F,NC,0,D,55.4,F,21.6,D,25,C,C,-0.1,NR,NC,C,-0.5,C,-0.4,NR,NC,NR,NR,NC,NR,NC,NR,NC,92.5,92.5,93,27.5,NA
133629,Horizon Science Acad Cleveland,133629,Horizon Science Acad Cleveland,Cuyahoga,Region 3,6000 S Marginal Rd,"Cleveland, OH, 44103-1042",(216) 432-3660,Mehmet I. Gurbuz,451,F,F,NC,41.7,F,48.7,F,33.3,NR,NC,B,C,-0.9,NR,NC,C,-0.4,B,1.4,NR,NC,C,C,88.4,B,90.3,F,12.2,94.2,93.8,94,17.1,NA
133660,Horizon Science Academy Columbus,133660,Horizon Science Academy Columbus,Franklin,Region 11,1070 Morse Rd,"Columbus, OH, 43229-6290",(614) 846-7616,DAVUT PIRAZ,484,D,D,NC,50,D,54.6,F,33.3,NR,NC,B,A,3.5,NR,NC,C,0.1,A,2.2,NR,NC,B,A,95,C,88.2,F,12.8,95.2,95.2,94,12.2,NA
133678,Riverside Academy,133678,Riverside Academy,Hamilton,Region 13,3280 River Rd,"Cincinnati, OH, 45204-1214",(513) 921-7777,Arnez Booker,259,F,F,NC,0,F,44,F,0.2,F,20.9,B,A,3.6,NR,NC,C,0.1,A,3.8,A,4.7,NR,NR,NC,NR,NC,NR,NC,88.3,86.4,86,47.1,NA
133736,Richard Allen Academy,133736,Richard Allen Academy,Montgomery,Region 10,184 Salem Ave,"Dayton, OH, 45406-5804",(937) 586-9815,Michelle L. Thomas,77,F,F,NC,0,F,44.6,F,0,NR,NC,C,D,-1,NR,NC,NR,NC,C,0.3,NR,NC,NR,NR,NC,NR,NC,NR,NC,94.7,93.4,93,13.7,NA
133819,Lincoln Preparatory Academy,133819,Lincoln Preparatory Academy,Cuyahoga,Region 3,4215 Robert Ave,"Cleveland, OH, 44109-1255",(216) 772-1336,Lisa L. Lyons,206,F,F,NC,0,F,47.4,F,0,F,2.1,F,F,-5.9,NR,NC,NR,NC,F,-3.3,NR,NC,NR,NR,NC,NR,NC,NR,NC,92.3,92,92,26.8,NA
133942,Toledo School For The Arts,133942,Toledo School For The Arts,Lucas,Region 1,333 14th St,"Toledo, OH, 43604-5459",(419) 246-8732,Nicholas A. Mariano,671,C,D,Not Met,50,C,73.6,F,40,NR,NC,C,D,-1.8,NR,NC,NR,NC,C,-0.4,NR,NC,A,A,93.9,A,98.7,C,42.1,95.8,95.8,96,4.1,NA
133959,Dayton Leadership Academies-Early Learning Academy,133959,Dayton Leadership Academies-Early Learning Academy,Montgomery,Region 10,1416 W Riverview Ave,"Dayton, OH, 45402-6217",(937) 567-9426,Theodore J. Wallace,127,NR,NR,NC,NC,NR,NC,NR,NC,D,31,NR,NR,NC,NR,NC,NR,NC,NR,NC,NR,NC,NR,NR,NC,NR,NC,NR,NC,99.6,99.6,NC,0,NA
134072,Youngstown Community School,134072,Youngstown Community School,Mahoning,Region 5,50 Essex St,"Youngstown, OH, 44502-1838",(330) 746-2240,Heidi Cope,341,D,F,NC,0,D,61.2,F,0,D,30,F,F,-3.5,NR,NC,NR,NC,F,-3,NR,NC,NR,NR,NC,NR,NC,NR,NC,95.4,95.7,95,11.3,NA
134098,Constellation Schools: Old Brooklyn Community Elementary,134098,Constellation Schools: Old Brooklyn Community Elementary,Cuyahoga,Region 3,4430 State Rd,"Cleveland, OH, 44109-4705",(216) 661-7888,Cherie Kaiser,333,D,F,NC,20,C,73.1,F,33.3,F,14.3,F,F,-5.2,NR,NC,NR,NC,F,-2.6,NR,NC,NR,NR,NC,NR,NC,NR,NC,94.3,94.7,95,14.2,NA
134122,Autism Model School,134122,Autism Model School,Lucas,Region 1,3020 Tremainsville Rd,"Toledo, OH, 43613-1901",(419) 897-4400,NA,110,F,F,NC,0,D,52.8,F,0,NR,NC,NR,NR,NC,NR,NC,NR,NC,NR,NC,NR,NC,F,F,10,NR,NC,F,6.8,88.4,89.7,90,35.9,NA
134148,Aurora Academy,134148,Aurora Academy,Lucas,Region 1,824 6th St,"Toledo, OH, 43605-1704",(419) 693-6841,Latanya S. Ridley,179,F,F,NC,0,F,47.4,F,0,F,0,F,F,-5.1,NR,NC,NR,NC,F,-3.2,F,-5.2,NR,NR,NC,NR,NC,NR,NC,88.7,91.7,93,47.3,NA
134197,Green Inspiration Academy,134197,Green Inspiration Academy,Cuyahoga,Region 3,4265 Northfield Rd,"Highland Hills, OH, 44128-2811",(216) 378-9573,Virginia A. Schemrich,205,F,F,NC,0,F,45.7,F,1,F,7.3,A,A,3.8,NR,NC,NR,NC,A,3.4,A,3.2,NR,NR,NC,NR,NC,NR,NC,95,95.2,96,13.5,NA
134213,Middlebury Academy,134213,Middlebury Academy,Summit,Region 8,88 Kent St,"Akron, OH, 44305-2544",(330) 752-2766,Wendall C. Garth,260,F,F,NC,0,F,38.6,F,0,F,-3.8,F,F,-8.9,NR,NC,NR,NC,F,-6.3,F,-8.5,NR,NR,NC,NR,NC,NR,NC,92.8,92.2,94,23,NA
134221,Colonial Prep Academy,134221,Colonial Prep Academy,Summit,Region 8,2199 5th St SW,"Akron, OH, 44314-2405",(330) 752-2792,Leeanna D. Simmons,197,F,F,NC,0,F,38.8,F,0,F,-26.3,F,F,-8.5,NR,NC,F,-3.2,F,-6.1,F,-8.5,NR,NR,NC,NR,NC,NR,NC,89.8,90,91,36.7,NA
134247,City Day Community School,134247,City Day Community School,Montgomery,Region 10,318 S Main St,"Dayton, OH, 45402-2716",(937) 223-8130,Paula E. Graham,135,F,F,NC,0,F,35.2,F,0,NR,NC,F,F,-3.7,NR,NC,NR,NC,F,-3.3,F,-4,NR,NR,NC,NR,NC,NR,NC,86.7,NC,86,60.5,NA
123257,North Central Ohio ESC,142943,Focus Learning Academy of Northern Columbus,Seneca,Region 1,1880 E Dublin Granville Rd,"Columbus, OH, 43229-3523",(614) 547-0927,Travis M. Budd,398,F,F,NC,0,D,53.8,F,29,NR,NC,A,A,9.8,NR,NC,NR,NC,A,8,NR,NC,NR,NR,NC,NR,NC,NR,NC,98.3,98.4,94,0.8,NA
142950,Ohio Virtual Academy,142950,Ohio Virtual Academy,Lucas,Region 1,1690 Woodlands Dr Ste 200,"Maumee, OH, 43537-4045",(877) 648-2512,NA,9178,D,F,NC,14.3,D,61,F,14.4,C,44.7,F,F,-11.8,NR,NC,F,-6.8,F,-8,C,0.2,F,F,53,F,52.9,F,9,99.1,96.6,99,2.8,NA
142968,Hope Academy Northcoast,142968,Hope Academy Northcoast,Cuyahoga,Region 3,4310 E 71st St,"Cleveland, OH, 44105-5759",(216) 429-0232,Martin R. Ngom,289,F,F,NC,0,F,42.5,F,9,F,22.9,B,A,6.5,NR,NC,C,0.3,A,4.3,NR,NC,NR,NR,NC,NR,NC,NR,NC,88.9,90.1,91,47.7,NA
143172,International Acad Of Columbus,143172,International Acad Of Columbus,Franklin,Region 11,2439 Fuji Dr,"Columbus, OH, 43229-2847",(614) 794-0643,Mouhamed N. Tarazi,224,F,F,NC,0,D,52.9,F,0,NR,NC,F,F,-4,NR,NC,NR,NC,F,-2.8,NR,NC,NR,NR,NC,NR,NC,NR,NC,95.7,94.1,94,7.5,NA
143198,Great Western Academy,143198,Great Western Academy,Franklin,Region 11,310 N Wilson Rd,"Columbus, OH, 43204-6221",(614) 276-1028,Kathryn M. Kountz,712,D,F,NC,0,D,56.8,F,3.9,F,9.9,A,B,1.4,NR,NC,A,2.6,B,1.7,NR,NC,NR,NR,NC,NR,NC,NR,NC,93.1,93.2,94,22.9,NA
143206,Trotwood Fitness & Prep Acad,143206,Trotwood Fitness & Prep Acad,Montgomery,Region 10,3100 Shiloh Springs Rd,"Trotwood, OH, 45426-2247",(937) 854-4100,Caitlin E. Stevens,342,F,F,NC,0,F,44.2,F,0,NR,NC,F,F,-5.7,NR,NC,F,-3.4,F,-3.9,NR,NC,NR,NR,NC,NR,NC,NR,NC,93.4,93.9,95,23.2,NA
143214,Middletown Fitness & Prep Acad,143214,Middletown Fitness & Prep Acad,Butler,Region 13,816 2nd Ave,"Middletown, OH, 45044-4201",(513) 424-6110,Eric J. Oliver,237,D,F,NC,0,D,58,F,1.3,F,-22.2,C,C,-0.2,NR,NC,D,-1.4,B,1.4,NR,NC,NR,NR,NC,NR,NC,NR,NC,93.8,92.4,94,19.4,NA
143297,The Autism Academy Of Learning,143297,The Autism Academy Of Learning,Lucas,Region 1,110 Arco Dr,"Toledo, OH, 43607-2960",(419) 865-7487,James Jones,54,NR,NR,NC,NC,NR,NC,NR,NC,NR,NC,NR,NR,NC,NR,NC,NR,NC,NR,NC,NR,NC,NR,NR,NC,NR,NC,NR,NC,92.2,92.2,92,32.3,NA
143313,West Preparatory Academy,143313,West Preparatory Academy,Cuyahoga,Region 3,13111 Crossburn Ave,"Cleveland, OH, 44135-5017",(216) 772-1340,Jennifer E. Heyman,251,F,F,NC,0,F,44.2,F,0,F,15.4,D,F,-4,NR,NC,C,0.3,F,-2.6,NR,NC,NR,NR,NC,NR,NC,NR,NC,93.2,92.5,92,20.2,NA
143396,Alternative Education Academy,143396,Alternative Education Academy,Lucas,Region 1,1830 Adams St,"Toledo, OH, 43624-1428",(330) 253-8680,Dominic P. Donatelli,1628,F,F,NC,6.9,D,50.5,F,0,F,-28.3,D,F,-3.7,NR,NC,F,-2.1,C,0.2,F,-2,F,F,18.8,F,25.7,F,2.4,81.3,81.5,84,53.8,NA
143479,Constellation Schools: Puritas Community Elementary,143479,Constellation Schools: Puritas Community Elementary,Cuyahoga,Region 3,15204 Puritas Ave,"Cleveland, OH, 44135-2716",(216) 688-0680,Margaret M. Colwell,204,D,F,NC,20,D,66.3,F,0,D,27.3,D,F,-4.2,NR,NC,NR,NC,D,-1.1,NR,NC,NR,NR,NC,NR,NC,NR,NC,94.8,94.8,95,13.1,NA
143487,Constellation Schools: Stockyard Community Elementary,143487,Constellation Schools: Stockyard Community Elementary,Cuyahoga,Region 3,3200 W 65th St,"Cleveland, OH, 44102-5510",(216) 651-5143,Amber J. Steele,273,D,F,NC,0,D,56.1,F,0,F,-14.3,C,C,0.9,NR,NC,C,0.1,C,0.3,NR,NC,NR,NR,NC,NR,NC,NR,NC,92.8,93.2,93,27.1,NA
143529,North Dayton School Of Science & Discovery,143529,North Dayton School Of Science & Discovery,Montgomery,Region 10,3901 Turner Rd,"Dayton, OH, 45415-3654",(937) 278-6671,Ronald B. Albino,604,F,F,NC,0,F,47.5,F,0.7,F,6.9,B,B,1.4,NR,NC,C,-0.7,C,0.5,NR,NC,NR,NR,NC,NR,NC,NR,NC,93.7,93.1,93,20.3,NA
143537,Virtual Community School Of Ohio,143537,Virtual Community School Of Ohio,Franklin,Region 11,340 Waggoner Rd,"Reynoldsburg, OH, 43068-9707",(614) 501-9473,NA,844,F,F,NC,0,D,50.2,F,3.4,F,-136,D,F,-6.7,NR,NC,F,-3.4,D,-1.2,F,-3.7,F,F,14.9,F,9.6,F,1,73.1,52.8,72,49.5,NA
143552,Eagle Academy,143552,Eagle Academy,Lucas,Region 1,1430 Idaho St,"Toledo, OH, 43605-2743",(419) 697-2760,nicolette r. whitson,213,F,F,NC,0,F,38.8,F,0,NR,NC,C,D,-1.1,NR,NC,C,-0.6,C,-0.4,C,0,F,F,26.9,NR,NC,F,5.9,86.8,83.5,91,50.3,NA
143560,Richard Allen Academy II,143560,Richard Allen Academy II,Montgomery,Region 10,184 Salem Ave,"Dayton, OH, 45406-5804",(937) 586-9756,Michelle L. Thomas,311,F,F,NC,9.1,D,54.9,F,0,F,-23.3,D,F,-10,NR,NC,D,-1.5,F,-4.4,NR,NC,NR,NR,NC,NR,NC,NR,NC,96.2,95.4,95,8,NA
143578,Richard Allen Academy III,143578,Richard Allen Academy III,Butler,Region 13,1206 Shuler Ave,"Hamilton, OH, 45011-4566",(513) 868-2900,ERIN A. RAMSEY,164,D,F,NC,0,D,56.5,F,8.9,F,-7.9,D,F,-2.5,NR,NC,NR,NC,C,-1,NR,NC,NR,NR,NC,NR,NC,NR,NC,95.1,95,95,10.3,NA
143602,Hamilton Cnty Math & Science,143602,Hamilton Cnty Math & Science,Hamilton,Region 13,2675 Civic Center Dr,"Cincinnati, OH, 45231-1311",(513) 728-8620,Dwan Moore,629,D,F,NC,6.3,D,64.1,F,0,C,54.5,D,F,-3.1,NR,NC,NR,NC,C,0.2,NR,NC,NR,NR,NC,NR,NC,NR,NC,96.7,97.4,95,5.4,NA
143610,Arts & College Preparatory Academy,143610,Arts & College Preparatory Academy,Franklin,Region 11,4401 Hilton Corporate Dr,"Columbus, OH, 43232-4161",(614) 986-9974,Anthony J. Gatto,388,C,C,NC,75,C,72.5,F,50,NR,NC,B,A,2,NR,NC,D,-1,NR,NC,NR,NC,A,A,97.2,A,100,D,29.6,93.3,92.8,93,20.6,NA
143644,Sciotoville,143644,Sciotoville,Scioto,Region 15,224 Marshall St,"Portsmouth, OH, 45662-5549",(740) 776-6777,Michael D. Yeagle,287,F,F,NC,13,D,54.7,F,33.3,NR,NC,B,C,0.3,NR,NC,C,0.8,B,1.5,B,1.1,C,C,88.6,D,81.8,D,18.5,93.9,93.2,93,17.1,NA
48041,Southwest Licking Local,149336,Southwest Licking Digital Acad,Licking,Region 11,927-A,"Pataskala, OH, 43062",(740) 927-3941,NA,33,NR,NR,NC,NC,NR,NC,NR,NC,NR,NC,NR,NR,NC,NR,NC,NR,NC,NR,NC,NR,NC,F,F,38.5,F,69.2,F,7.7,67.5,73.5,84,53.8,NA
48421,Pleasant Local,151035,Pleasant Community Digital,Marion,Region 7,1107 Owens Rd W,"Marion, OH, 43302-8421",(740) 389-4476,NA,105,NR,NR,NC,NC,NR,NC,NR,NC,NR,NC,NR,NR,NC,NR,NC,NR,NC,NR,NC,NR,NC,NR,NR,NC,NR,NC,NR,NC,94.3,94.1,94,19.4,NA
44263,Lorain City,151142,Lorain K-12 Digital Academy,Lorain,Region 2,1800 West 40th Street,"Lorain, OH, 44053",(440) 830-4300,Karen W. Mahan,119,F,F,NC,42.9,F,49.6,F,6.1,NR,NC,C,C,0.9,NR,NC,NR,NC,NR,NC,NR,NC,F,F,28.3,F,31.3,F,0,91.1,93.6,85,27.6,NA
48439,Ridgedale Local,151167,Ridgedale Community School,Marion,Region 7,3103 Hillman Ford Rd,"Morral, OH, 43337-9302",(740) 382-6065,NA,32,F,F,NC,0,F,44.2,NR,NC,NR,NC,C,C,0.8,NR,NC,NR,NC,NR,NC,NR,NC,NR,NR,NC,NR,NC,NR,NC,91.5,91.5,89,20.7,NA
151175,West Central Learning Academy II,151175,West Central Learning Academy II,Allen,Region 6,522 W North St,"Lima, OH, 45801-4215",(419) 227-9252,NA,67,F,F,NC,0,F,47.9,NR,NC,NR,NC,F,F,-3.8,NR,NC,NR,NC,NR,NC,NR,NC,F,F,46.2,F,46.2,F,12.7,89.8,94,95,31,NA
47993,Lakewood Local,151233,Lakewood Digital Academy,Licking,Region 11,PO Box 70,"Hebron, OH, 43025-0070",(740) 928-1915,NA,35,NR,NR,NC,NC,NR,NC,NR,NC,NR,NC,NR,NR,NC,NR,NC,NR,NC,NR,NC,NR,NC,F,NR,NC,F,0,F,0,78.8,96.8,91,48,NA